Sociétés_de_production,acteurs,budget,date,desciption,durée,genre,langue_d_origine,nbr_votants,pays,score,titre_original
Castle Rock Entertainment,"Tim Robbins,Morgan Freeman,Bob Gunton","$25,000,000 (estimated)",1994,"Over the course of several years, two convicts form a friendship, seeking consolation and, eventually, redemption through basic compassion.",142,Drama,English,2.7M,United States,9.3,The Shawshank Redemption
Official site (France),"Miles Teller,J.K. Simmons,Melissa Benoist","$3,300,000 (estimated)",2014,A promising young drummer enrolls at a cut-throat music conservatory where his dreams of greatness are mentored by an instructor who will stop at nothing to realize a student's potential.,106,"Drama,Music",,895K,United States,8.5,Whiplash
Warner Bros.,"Leonardo DiCaprio,Matt Damon,Jack Nicholson","$90,000,000 (estimated)",2006,An undercover cop and a mole in the police attempt to identify each other while infiltrating an Irish gang in South Boston.,151,"Crime,Drama,Thriller",Cantonese,1.3M,United States,8.5,The Departed
New Line Cinema,"Edward Norton,Edward Furlong,Beverly D'Angelo","$20,000,000 (estimated)",1998,A former neo-nazi skinhead tries to prevent his younger brother from going down the same wrong path that he did.,119,"Crime,Drama",English,1.1M,United States,8.5,American History X
Tig Productions,"Kevin Costner,Mary McDonnell,Graham Greene","$22,000,000 (estimated)",1990,"Lieutenant John Dunbar, assigned to a remote western Civil War outpost, finds himself engaging with a neighbouring Sioux settlement, causing him to question his own purpose.",181,"Adventure,Drama,Western",Official site,275K,United States,8.0,Dances with Wolves
Atelier 41,"Maksim Munzuk,Yuriy Solomin,Mikhail Bychkov","$4,000,000 (estimated)",1975,The Russian army sends an explorer on an expedition to the snowy Siberian wilderness where he makes friends with a seasoned local hunter.,142,"Adventure,Biography,Drama",Russian,32K,Soviet Union,8.2,Dersu Uzala
Ted Elliott,"Ron Clements,John Musker,Ted Elliott","$28,000,000 (estimated)",1992,A kindhearted street urchin and a power-hungry Grand Vizier vie for a magic lamp that has the power to make their deepest wishes come true.,90,"Animation,Adventure,Comedy",Official site,433K,United States,8.0,Aladdin
DreamWorks,"Viola Davis,Emma Stone,Octavia Spencer","$25,000,000 (estimated)",2011,"An aspiring author during the civil rights movement of the 1960s decides to write a book detailing the African American maids' point of view on the white families for which they work, and the hardships they go through on a daily basis.",146,Drama,English,470K,United States,8.1,The Help
Ted Hughes,"Tim McCanlies,Brad Bird,Ted Hughes","$70,000,000 (estimated)",1999,A young boy befriends a giant robot from outer space that a paranoid government agent wants to destroy.,86,"Animation,Action,Adventure",English,207K,United States,8.1,The Iron Giant
Terry Gilliam,"Graham Chapman,John Cleese,Terry Gilliam","$4,000,000 (estimated)",1979,"Born on the original Christmas in the stable next door to Jesus Christ, Brian of Nazareth spends his life being mistaken for a messiah.",94,Comedy,,407K,United Kingdom,8.0,Life of Brian
AB Svensk Filmindustri,"Bibi Andersson,Liv Ullmann,Margaretha Krook","$90,556",1966,A nurse is put in charge of a mute actress and finds that their personae are melding together.,83,"Drama,Thriller",,123K,Sweden,8.1,Persona
Columbia Pictures,"Clark Gable,Claudette Colbert,Walter Connolly","$325,000 (estimated)",1934,"A renegade reporter trailing a young runaway heiress for a big story joins her on a bus heading from Florida to New York, and they end up stuck with each other when the bus leaves them behind at one of the stops.",105,"Comedy,Romance",,107K,United States,8.1,It Happened One Night
Les Films du Carrosse,"Jean-Pierre Léaud,Albert Rémy,Claire Maurier",$509,1959,"A young boy, left without attention, delves into a life of petty crime.",99,"Crime,Drama",,121K,France,8.1,The 400 Blows
Russel Crouse,"Georg Hurdalek,Howard Lindsay,Russel Crouse","$8,200,000 (estimated)",1965,A young novice is sent by her convent in 1930s Austria to become a governess to the seven children of a widowed naval officer.,172,"Biography,Drama,Family",English,243K,United States,8.1,The Sound of Music
Jalem Productions,"Paul Newman,George Kennedy,Strother Martin","$3,200,000 (estimated)",1967,"A laid back Southern man is sentenced to two years in a rural prison, but refuses to conform.",127,"Crime,Drama",,181K,United States,8.1,Cool Hand Luke
Official Facebook,"Kim Min-hee,Ha Jung-woo,Cho Jin-woong","₩10,000,000,000 (estimated)",2016,"A woman is hired as a handmaiden to a Japanese heiress, but secretly she is involved in a plot to defraud her.",145,"Drama,Romance,Thriller",,155K,South Korea,8.1,The Handmaiden
Joan Harrison,"Daphne Du Maurier,Robert E. Sherwood,Joan Harrison","$1,288,000 (estimated)",1940,A self-conscious woman juggles adjusting to her new role as an aristocrat's wife and avoiding being intimidated by his first wife's spectral presence.,130,"Drama,Film-Noir,Mystery",,140K,United States,8.1,Rebecca
Altavista Films,"Emilio Echevarría,Gael García Bernal,Goya Toledo","$2,000,000 (estimated)",2000,"A horrific car accident connects three stories, each involving characters dealing with loss, regret, and life's harsh realities, all in the name of love.",154,"Drama,Thriller",,245K,Mexico,8.1,Amores Perros
Avsar Film,"Çetin Tekindor,Fikret Kuskan,Hümeyra","$18,612,999",2005,The family of a left-wing journalist is torn apart after the military coup of Turkey in 1980.,112,"Drama,Family",,88K,Turkey,8.2,My Father and My Son
,"Suriya,Lijo Mol Jose,Manikandan K.",,2021,"When a tribal man is arrested for a case of alleged theft, his wife turns to a human-rights lawyer to help bring justice.",164,"Crime,Drama,Mystery",Telugu,206K,India,8.8,Jai Bhim
Twentieth Century Fox,"Henry Fonda,Jane Darwell,John Carradine","$800,000 (estimated)",1940,"An Oklahoma family, driven off their farm by the poverty and hopelessness of the Dust Bowl, joins the westward migration to California, suffering the misfortunes of the homeless in the Great Depression.",129,Drama,,96K,United States,8.1,The Grapes of Wrath
Official site (Germany),"Richard Gere,Joan Allen,Cary-Hiroyuki Tagawa","$16,000,000 (estimated)",2009,A college professor bonds with an abandoned dog he takes into his home.,93,"Biography,Drama,Family",Japanese,293K,United Kingdom,8.1,Hachi: A Dog's Tale
Igor Film,"Brahim Hadjadj,Jean Martin,Yacef Saadi","$800,000 (estimated)",1966,"In the 1950s, fear and violence escalate as the people of Algiers fight for independence from the French government.",121,"Drama,War",French,62K,Italy,8.1,The Battle of Algiers
Government of West Bengal,"Kanu Bannerjee,Karuna Bannerjee,Subir Banerjee","$134,241",1955,"Impoverished priest Harihar Ray, dreaming of a better life for himself and his family, leaves his rural Bengal village in search of work.",125,Drama,,35K,India,8.2,Pather Panchali
Stuart Beattie,"Ted Elliott,Terry Rossio,Stuart Beattie","$140,000,000 (estimated)",2003,"Blacksmith Will Turner teams up with eccentric pirate ""Captain"" Jack Sparrow to save his love, the governor's daughter, from Jack's former pirate allies, who are now undead.",143,"Action,Adventure,Fantasy",,1.1M,United States,8.1,Pirates of the Caribbean: The Curse of the Black Pearl
Les Productions Lazennec (France),"Vincent Cassel,Hubert Koundé,Saïd Taghmaoui","€2,590,000 (estimated)",1995,24 hours in the lives of three young men in the French suburbs the day after a violent riot.,98,"Crime,Drama",,180K,France,8.1,La haine
,"Carole Lombard,Jack Benny,Robert Stack","$3,270,000",1942,"During the Nazi occupation of Poland, an acting troupe becomes embroiled in a Polish soldier's efforts to track down a German spy.",99,"Comedy,Romance,War",French,39K,United States,8.2,To Be or Not to Be
Pixar,"Craig T. Nelson,Samuel L. Jackson,Holly Hunter","$92,000,000 (estimated)",2004,"While trying to lead a quiet suburban life, a family of undercover superheroes are forced into action to save the world.",115,"Animation,Action,Adventure",French,756K,United States,8.0,The Incredibles
Columbia Pictures,"Bill Murray,Andie MacDowell,Chris Elliott","$14,600,000 (estimated)",1993,"A narcissistic, self-centered weatherman finds himself in a time loop on Groundhog Day, and the day keeps repeating until he gets it right.",101,"Comedy,Drama,Fantasy",Italian,647K,United States,8.0,Groundhog Day
Warner Bros.,"Ellen Burstyn,Max von Sydow,Linda Blair","$11,000,000 (estimated)",1973,"When a teenage girl is possessed by a mysterious entity, her mother seeks the help of two priests to save her daughter.",122,Horror,English,418K,United States,8.1,The Exorcist
The Samuel Goldwyn Company,"Myrna Loy,Dana Andrews,Fredric March","$2,100,000 (estimated)",1946,"Three World War II veterans, two of them traumatized or disabled, return home to the American midwest to discover that they and their families have been irreparably changed.",170,"Drama,Romance,War",,67K,United States,8.1,The Best Years of Our Lives
Mervyn LeRoy,"Victor Fleming,George Cukor,Mervyn LeRoy","$2,777,000 (estimated)",1939,"Young Dorothy Gale and her dog Toto are swept away by a tornado from their Kansas farm to the magical Land of Oz, and embark on a quest with three new friends to see the Wizard, who can return her to her home and fulfill the others' wishes.",102,"Adventure,Family,Fantasy",,408K,United States,8.1,The Wizard of Oz
Paramount Vantage,"Emile Hirsch,Vince Vaughn,Catherine Keener","$15,000,000 (estimated)",2007,"After graduating from Emory University, top student and athlete Christopher McCandless abandons his possessions, gives his entire $24,000 savings account to charity and hitchhikes to Alaska to live in the wilderness. Along the way, Christopher encounters a series of characters that shape his life.",148,"Adventure,Biography,Drama",Danish,633K,United States,8.1,Into the Wild
Ethan Hawke,"Richard Linklater,Julie Delpy,Ethan Hawke","$2,700,000 (estimated)",2004,"Nine years after Jesse and Celine first met, they encounter each other again on the French leg of Jesse's book tour.",80,"Drama,Romance",French,272K,United States,8.1,Before Sunset
Metro-Goldwyn-Mayer (MGM),"Faye Dunaway,William Holden,Peter Finch","$3,800,000 (estimated)",1976,"A television network cynically exploits a deranged former anchor's ravings and revelations about the news media for its own profit, but finds that his message may be difficult to control.",121,Drama,,163K,United States,8.1,Network
Exclusive Media Group,"Daniel Brühl,Chris Hemsworth,Olivia Wilde","$38,000,000 (estimated)",2013,The merciless 1970s rivalry between Formula One rivals James Hunt and Niki Lauda.,123,"Action,Biography,Drama",English,489K,United Kingdom,8.1,Rush
Columbia Pictures,"Wil Wheaton,River Phoenix,Corey Feldman","$8,000,000 (estimated)",1986,"After the death of one of his friends, a writer recounts a childhood journey with his friends to find the body of a missing boy.",89,"Adventure,Drama",,415K,United States,8.1,Stand by Me
Cinema '84,"Arnold Schwarzenegger,Linda Hamilton,Michael Biehn","$6,400,000 (estimated)",1984,"A human soldier is sent from 2029 to 1984 to stop an almost indestructible cyborg killing machine, sent from the same year, which has been programmed to execute a young woman whose unborn son is the key to humanity's future salvation.",107,"Action,Sci-Fi",English,881K,United Kingdom,8.1,The Terminator
Michael Green,"James Mangold,Scott Frank,Michael Green","$97,000,000 (estimated)",2017,"In a future where mutants are nearly extinct, an elderly and weary Logan leads a quiet life. But when Laura, a mutant child pursued by scientists, comes to him for help, he must get her to safety.",137,"Action,Drama,Sci-Fi",,782K,United States,8.1,Logan
Official Site,"Mark Ruffalo,Michael Keaton,Rachel McAdams","$20,000,000 (estimated)",2015,"The true story of how the Boston Globe uncovered the massive scandal of child molestation and cover-up within the local Catholic Archdiocese, shaking the entire Catholic Church to its core.",129,"Biography,Crime,Drama",,480K,United States,8.1,Spotlight
Jim Capobianco,"Brad Bird,Jan Pinkava,Jim Capobianco","$150,000,000 (estimated)",2007,A rat who can cook makes an unusual alliance with a young kitchen worker at a famous Paris restaurant.,111,"Animation,Adventure,Comedy",,760K,United States,8.1,Ratatouille
Hemdale,"Charlie Sheen,Tom Berenger,Willem Dafoe","$6,000,000 (estimated)",1986,"Chris Taylor, a neophyte recruit in Vietnam, finds himself caught in a battle of wills between two sergeants, one good and the other evil. A shrewd examination of the brutality of war and the duality of man in conflict.",120,"Drama,War",English,422K,United States,8.1,Platoon
Chartoff-Winkler Productions,"Sylvester Stallone,Talia Shire,Burt Young","$960,000 (estimated)",1976,A small-time Philadelphia boxer gets a supremely rare chance to fight the world heavyweight champion in a bout in which he strives to go the distance for his self-respect.,120,"Drama,Sport",English,595K,United States,8.1,Rocky
United Artists,"Don Cheadle,Sophie Okonedo,Joaquin Phoenix","$17,500,000 (estimated)",2004,"Paul Rusesabagina, a hotel manager, houses over a thousand Tutsi refugees during their struggle against the Hutu militia in Rwanda, Africa.",121,"Biography,Drama,History",United States,361K,United Kingdom,8.1,Hotel Rwanda
Official Instagram,"Matt Damon,Christian Bale,Jon Bernthal","$97,600,000 (estimated)",2019,American car designer Carroll Shelby and driver Ken Miles battle corporate interference and the laws of physics to build a revolutionary race car for Ford in order to defeat Ferrari at the 24 Hours of Le Mans in 1966.,152,"Action,Biography,Drama",French,413K,United States,8.1,Ford v Ferrari
Société générale des films,"Maria Falconetti,Eugene Silvain,André Berley","$21,877",1928,"In 1431, Jeanne d'Arc is placed on trial on charges of heresy. The ecclesiastical jurists attempt to force Jeanne to recant her claims of holy visions.",114,"Biography,Drama,History",,57K,France,8.2,The Passion of Joan of Arc
Shochiku,"Chishû Ryû,Chieko Higashiyama,Sô Yamamura","$37,880",1953,"An old couple visit their children and grandchildren in the city, but receive little attention.",136,Drama,,64K,Japan,8.2,Tokyo Story
Polygram Filmed Entertainment,"Jeff Bridges,John Goodman,Julianne Moore","$15,000,000 (estimated)",1998,"Ultimate L.A. slacker Jeff ""The Dude"" Lebowski, mistaken for a millionaire of the same name, seeks restitution for a rug ruined by debt collectors, enlisting his bowling buddies for help while trying to find the millionaire's missing wife.",117,"Comedy,Crime",German,823K,United States,8.1,The Big Lebowski
Official site,"Brie Larson,Jacob Tremblay,Sean Bridgers","$13,000,000 (estimated)",2015,"A little boy is held captive in a room with his mother since his birth, so he has never known the world outside.",118,"Drama,Thriller",United States,430K,Ireland,8.1,Room
Zanuck/Brown Productions,"Roy Scheider,Robert Shaw,Richard Dreyfuss","$7,000,000 (estimated)",1975,"When a killer shark unleashes chaos on a beach community off Cape Cod, it's up to a local sheriff, a marine biologist, and an old seafarer to hunt the beast down.",124,"Adventure,Mystery,Thriller",,620K,United States,8.1,Jaws
Touchstone Pictures,"Robin Williams,Robert Sean Leonard,Ethan Hawke","$16,400,000 (estimated)",1989,Maverick teacher John Keating uses poetry to embolden his boarding school students to new heights of self-expression.,128,"Comedy,Drama",,506K,United States,8.1,Dead Poets Society
Jeff Pidgeon,"Pete Docter,Jill Culton,Jeff Pidgeon","$115,000,000 (estimated)",2001,"In order to power the city, monsters have to scare children so that they scream. However, the children are toxic to the monsters, and after a child gets through, two monsters realize things may not be what they think.",92,"Animation,Adventure,Comedy",Pixar,927K,United States,8.1,"Monsters, Inc."
Chris Sanders,"Will Davies,Dean DeBlois,Chris Sanders","$165,000,000 (estimated)",2010,"A hapless young Viking who aspires to hunt dragons becomes the unlikely friend of a young dragon himself, and learns there may be more to the creatures than he assumed.",98,"Animation,Action,Adventure",Official site,757K,United States,8.1,How to Train Your Dragon
Svensk Filmindustri (SF),"Max von Sydow,Gunnar Björnstrand,Bengt Ekerot","$150,000 (estimated)",1957,"A knight returning to Sweden after the Crusades seeks answers about life, death, and the existence of God as he plays chess against the Grim Reaper during the Black Plague.",96,"Drama,Fantasy",,189K,Sweden,8.1,The Seventh Seal
Melodrama Pictures,"Toni Collette,Philip Seymour Hoffman,Eric Bana","A$8,240,000 (estimated)",2009,"A tale of friendship between two unlikely pen pals: Mary, a lonely, eight-year-old girl living in the suburbs of Melbourne, and Max, a forty-four-year old, severely obese man living in New York.",92,"Animation,Comedy,Drama",English,180K,Australia,8.1,Mary and Max
Village Roadshow Pictures,"Tom Hardy,Charlize Theron,Nicholas Hoult","$150,000,000 (estimated)",2015,"In a post-apocalyptic wasteland, a woman rebels against a tyrannical ruler in search for her homeland with the aid of a group of female prisoners, a psychotic worshiper and a drifter named Max.",120,"Action,Adventure,Sci-Fi",English,1M,Australia,8.1,Mad Max: Fury Road
Columbia Pictures,"James Stewart,Jean Arthur,Claude Rains","$1,900,000 (estimated)",1939,"A naive youth leader is appointed to fill a vacancy in the U.S. Senate. His idealistic plans promptly collide with corruption at home and subterfuge from his hero in Washington, but he tries to forge ahead despite attacks on his character.",129,"Comedy,Drama",,117K,United States,8.1,Mr. Smith Goes to Washington
Buster Keaton Productions,"Buster Keaton,Kathryn McGuire,Joe Keaton","$977,375",1924,"A film projectionist longs to be a detective, and puts his meagre skills to work when he is framed by a rival for stealing his girlfriend's father's pocketwatch.",45,"Action,Comedy,Romance",,52K,United States,8.2,Sherlock Jr.
Official Facebook,"Darío Grandinetti,María Marull,Mónica Villa","$3,300,000 (estimated)",2014,Six short stories that explore the extremities of human behavior involving people in distress.,122,"Comedy,Drama,Thriller",United Kingdom,204K,Argentina,8.1,Wild Tales
Sidus,"Song Kang-ho,Kim Sang-kyung,Roe-ha Kim","$2,800,000 (estimated)",2003,"In a small Korean province in 1986, two detectives struggle with the case of multiple young women being found raped and murdered by an unknown culprit.",132,"Crime,Drama,Mystery",English,194K,South Korea,8.1,Memories of Murder
Compagnie Industrielle et Commerciale Cinématographique (CICC),"Yves Montand,Charles Vanel,Peter van Eyck","$1,098",1953,"In a decrepit South American village, four men are hired to transport an urgent nitroglycerine shipment without the equipment that would make it safe.",131,"Adventure,Drama,Thriller",English,63K,France,8.2,The Wages of Fear
Official site,"Andrew Garfield,Sam Worthington,Luke Bracey","$40,000,000 (estimated)",2016,"World War II American Army Medic Desmond T. Doss, who served during the Battle of Okinawa, refuses to kill people and becomes the first man in American history to receive the Medal of Honor without firing a shot.",139,"Biography,Drama,History",China,544K,Australia,8.1,Hacksaw Ridge
Alexander Korda,"Graham Greene,Orson Welles,Alexander Korda","$1,067,364",1949,"Pulp novelist Holly Martins travels to shadowy, postwar Vienna, only to find himself investigating the mysterious death of an old friend, Harry Lime.",93,"Film-Noir,Mystery,Thriller",German,175K,United Kingdom,8.1,The Third Man
Louis Garfinkle,"Michael Cimino,Deric Washburn,Louis Garfinkle","$15,000,000 (estimated)",1978,An in-depth examination of the ways in which the Vietnam War impacts and disrupts the lives of several friends in a small steel mill town in Pennsylvania.,183,"Drama,War",Universal Pictures Home Entertainment (United States),345K,United States,8.1,The Deer Hunter
Hell's Kitchen Films,"Daniel Day-Lewis,Pete Postlethwaite,Alison Crosbie","$13,000,000 (estimated)",1993,A man's coerced confession to an I.R.A. bombing he did not commit results in the imprisonment of his father as well. An English lawyer fights to free them.,133,"Biography,Crime,Drama",,179K,Ireland,8.1,In the Name of the Father
Peregrine,"Ryan O'Neal,Marisa Berenson,Patrick Magee","$11,000,000 (estimated)",1975,An Irish rogue wins the heart of a rich widow and assumes her dead husband's aristocratic position in 18th-century England.,185,"Adventure,Drama,War",German,173K,United Kingdom,8.1,Barry Lyndon
Al Boasberg,"Buster Keaton,Clyde Bruckman,Al Boasberg","$750,000 (estimated)",1926,"After being rejected by the Confederate military, not realizing it was due to his crucial civilian role, an engineer must single-handedly recapture his beloved locomotive after it is seized by Union spies and return it through enemy lines.",67,"Action,Adventure,Comedy",,93K,United States,8.1,The General
Svensk Filmindustri (SF),"Victor Sjöström,Bibi Andersson,Ingrid Thulin","$60,418",1957,"After living a life marked by coldness, an aging professor is forced to confront the emptiness of his existence.",91,"Drama,Romance",,109K,Sweden,8.1,Wild Strawberries
Official Site,"Ben Affleck,Rosamund Pike,Neil Patrick Harris","$61,000,000 (estimated)",2014,"With his wife's disappearance having become the focus of an intense media circus, a man sees the spotlight turned on him when it's suspected that he may not be innocent.",149,"Drama,Mystery,Thriller",,1M,United States,8.1,Gone Girl
Searchlight Pictures,"Ralph Fiennes,F. Murray Abraham,Mathieu Amalric","$25,000,000 (estimated)",2014,"A writer encounters the owner of an aging high-class hotel, who tells him of his early years serving as a lobby boy in the hotel's glorious years under an exceptional concierge.",99,"Adventure,Comedy,Crime",Official site,832K,United States,8.1,The Grand Budapest Hotel
Horizon Pictures,"Marlon Brando,Karl Malden,Lee J. Cobb","$910,000 (estimated)",1954,"An ex-prize fighter turned New Jersey longshoreman struggles to stand up to his corrupt union bosses, including his older brother, as he starts to connect with the grieving sister of one of the syndicate's victims.",108,"Crime,Drama,Thriller",,158K,United States,8.1,On the Waterfront
Gore Vidal,"Lew Wallace,Karl Tunberg,Gore Vidal","$15,000,000 (estimated)",1959,"After a Jewish prince is betrayed and sent into slavery by a Roman friend in 1st-century Jerusalem, he regains his freedom and comes back for revenge.",212,"Adventure,Drama",English,244K,United States,8.1,Ben-Hur
Official site,"Chiwetel Ejiofor,Michael Kenneth Williams,Michael Fassbender","$20,000,000 (estimated)",2013,"In the antebellum United States, Solomon Northup, a free black man from upstate New York, is abducted and sold into slavery.",134,"Biography,Drama,History",,713K,United States,8.1,12 Years a Slave
Castle Rock Entertainment,"Ethan Hawke,Julie Delpy,Andrea Eckert","$2,500,000 (estimated)",1995,"A young man and woman meet on a train in Europe, and wind up spending one evening together in Vienna. Unfortunately, both know that this will probably be their only night together.",101,"Drama,Romance",German,318K,United States,8.1,Before Sunrise
Official site,"Daniel Radcliffe,Emma Watson,Rupert Grint","$125,000,000 (estimated)",2011,"Harry, Ron, and Hermione search for Voldemort's remaining Horcruxes in their effort to destroy the Dark Lord as the final battle rages on at Hogwarts.",130,"Adventure,Family,Fantasy",Latin,895K,United Kingdom,8.1,Harry Potter and the Deathly Hallows: Part 2
Atresmedia Cine,"Jason Schwartzman,J.K. Simmons,Rashida Jones","$40,000,000 (estimated)",2019,"A simple act of kindness always sparks another, even in a frozen, faraway place. When Smeerensburg's new postman, Jesper, befriends toymaker Klaus, their gifts melt an age-old feud and deliver a sleigh full of holiday traditions.",96,"Animation,Adventure,Comedy",Production studios website,165K,Spain,8.2,Klaus
Charles Chaplin Productions,"Charles Chaplin,Mack Swain,Tom Murray","$923,000 (estimated)",1925,"A prospector goes to the Klondike during the 1890s gold rush in hopes of making his fortune, and is smitten with a girl he sees in a dance hall.",95,"Adventure,Comedy,Drama",None,113K,United States,8.1,The Gold Rush
The Ladd Company,"Harrison Ford,Rutger Hauer,Sean Young","$28,000,000 (estimated)",1982,A blade runner must pursue and terminate four replicants who stole a ship in space and have returned to Earth to find their creator.,117,"Action,Drama,Sci-Fi",German,784K,United States,8.1,Blade Runner
Official site,"Mohammad Amir Naji,Amir Farrokh Hashemian,Bahare Seddiqi","$180,000 (estimated)",1997,"After a boy loses his sister's pair of shoes, he goes on a series of adventures in order to find them. When he can't, he tries a new way to ""win"" a new pair.",89,"Drama,Family,Sport",,76K,Iran,8.2,Children of Heaven
Warner Bros.,"Hilary Swank,Clint Eastwood,Morgan Freeman","$30,000,000 (estimated)",2004,A determined woman works with a hardened boxing trainer to become a professional.,132,"Drama,Sport",Irish Gaelic,697K,United States,8.1,Million Dollar Baby
Studio Ghibli,"Hitoshi Takagi,Noriko Hidaka,Chika Sakamoto","$3,700,000 (estimated)",1988,"When two girls move to the country to be near their ailing mother, they have adventures with the wondrous forest spirits who live nearby.",86,"Animation,Comedy,Family",Japanese,350K,Japan,8.1,My Neighbor Totoro
Dreamworks Pictures,"Leonardo DiCaprio,Tom Hanks,Christopher Walken","$52,000,000 (estimated)",2002,"Barely 21 yet, Frank is a skilled forger who has passed as a doctor, lawyer and pilot. FBI agent Carl becomes obsessed with tracking down the con man, who only revels in the pursuit.",141,"Biography,Crime,Drama",English,1M,United States,8.1,Catch Me If You Can
87Eleven Entertainment,"Keanu Reeves,Laurence Fishburne,George Georgiou","$90,000,000 (estimated)",2023,"John Wick uncovers a path to defeating The High Table. But before he can earn his freedom, Wick must face off against a new enemy with powerful alliances across the globe and forces that turn old friends into foes.",169,"Action,Crime,Thriller",English,119K,United States,8.2,John Wick: Chapter 4
Matten Productions,"Clint Eastwood,Bee Vang,Christopher Carley","$33,000,000 (estimated)",2008,"After a Hmong teenager tries to steal his prized 1972 Gran Torino, a disgruntled, prejudiced Korean War veteran seeks to redeem both the boy and himself.",116,Drama,Official site (Japan),786K,Germany,8.1,Gran Torino
Lionsgate,"Tom Hardy,Nick Nolte,Joel Edgerton","$25,000,000 (estimated)",2011,"The youngest son of an alcoholic former boxer returns home, where he's trained by his father for competition in a mixed martial arts tournament - a path that puts the fighter on a collision course with his estranged, older brother.",140,"Action,Drama,Sport",English,480K,United States,8.2,Warrior
PolyGram Filmed Entertainment,"William H. Macy,Frances McDormand,Steve Buscemi","$7,000,000 (estimated)",1996,Minnesota car salesman Jerry Lundegaard's inept crime falls apart due to his and his henchmen's bungling and the persistent police work of the quite pregnant Marge Gunderson.,98,"Crime,Thriller",Official site,690K,United States,8.1,Fargo
Alcon Entertainment,"Hugh Jackman,Jake Gyllenhaal,Viola Davis","$46,000,000 (estimated)",2013,"When Keller Dover's daughter and her friend go missing, he takes matters into his own hands as the police pursue multiple leads and the pressure mounts.",153,"Crime,Drama,Mystery",English,739K,United States,8.1,Prisoners
Horizon Pictures (II),"William Holden,Alec Guinness,Jack Hawkins","$3,000,000 (estimated)",1957,"British POWs are forced to build a railway bridge across the river Kwai for their Japanese captors in occupied Burma, not knowing that the allied forces are planning a daring commando raid through the jungle to destroy it.",161,"Adventure,Drama,War",Japanese,225K,United Kingdom,8.1,The Bridge on the River Kwai
Channel Four Films,"Ewan McGregor,Ewen Bremner,Jonny Lee Miller","£1,500,000 (estimated)",1996,"Renton, deeply immersed in the Edinburgh drug scene, tries to clean up and get out, despite the allure of the drugs and influence of friends.",93,Drama,English,698K,United Kingdom,8.1,Trainspotting
Official Facebook,"Frances McDormand,Woody Harrelson,Sam Rockwell","$15,000,000 (estimated)",2017,A mother personally challenges the local authorities to solve her daughter's murder when they fail to catch the culprit.,115,"Comedy,Crime,Drama",,523K,United Kingdom,8.1,"Three Billboards Outside Ebbing, Missouri"
DENTSU Music And Entertainment,"Chieko Baisho,Takuya Kimura,Tatsuya Gashûin","$24,000,000 (estimated)",2004,"When an unconfident young woman is cursed with an old body by a spiteful witch, her only chance of breaking the spell lies with a self-indulgent yet insecure young wizard and his companions in his legged, walking castle.",119,"Animation,Adventure,Family",,408K,Japan,8.2,Howl's Moving Castle
Official site (Argentina),"Ricardo Darín,Soledad Villamil,Pablo Rago","$2,000,000 (estimated)",2009,A retired legal counselor writes a novel hoping to find closure for one of his past unresolved homicide cases and for his unreciprocated love with his superior - both of which still haunt him decades later.,129,"Drama,Mystery,Romance",,213K,Argentina,8.2,The Secret in Their Eyes
Meg LeFauve,"Pete Docter,Ronnie Del Carmen,Meg LeFauve","$175,000,000 (estimated)",2015,"After young Riley is uprooted from her Midwest life and moved to San Francisco, her emotions - Joy, Fear, Anger, Disgust and Sadness - conflict on how best to navigate a new city, house, and school.",95,"Animation,Adventure,Comedy",Portuguese,731K,United States,8.1,Inside Out
Warner Bros.,"Ray Milland,Grace Kelly,Robert Cummings","$1,400,000 (estimated)",1954,A former tennis star arranges the murder of his adulterous wife.,105,"Crime,Thriller",,180K,United States,8.2,Dial M for Murder
Summit Entertainment,"Jason Flemyng,Dexter Fletcher,Nick Moran","£960,000 (estimated)",1998,"Eddy persuades his three pals to pool money for a vital poker game against a powerful local mobster, Hatchet Harry. Eddy loses, after which Harry gives him a week to pay back 500,000 pounds.",107,"Action,Comedy,Crime",,593K,United Kingdom,8.1,"Lock, Stock and Two Smoking Barrels"
Oliver H.P. Garrett,"Margaret Mitchell,Sidney Howard,Oliver H.P. Garrett","$3,977,000 (estimated)",1939,American motion picture classic in which a manipulative woman and a roguish man conduct a turbulent romance during the Civil War and Reconstruction periods.,238,"Drama,Romance,War",,321K,United States,8.2,Gone with the Wind
Warner Bros.,"Hugo Weaving,Natalie Portman,Rupert Graves","$54,000,000 (estimated)",2005,"In a future British dystopian society, a shadowy freedom fighter, known only by the alias of ""V"", plots to overthrow the tyrannical government - with the help of a young woman.",132,"Action,Drama,Sci-Fi",Official Facebook,1.1M,United States,8.2,V for Vendetta
Peter Savage,"Jake LaMotta,Joseph Carter,Peter Savage","$18,000,000 (estimated)",1980,"The life of boxer Jake LaMotta, whose violence and temper that led him to the top in the ring destroyed his life outside of it.",129,"Biography,Drama,Sport",,361K,United States,8.1,Raging Bull
Paramount Pictures,"Jack Nicholson,Faye Dunaway,John Huston","$6,000,000 (estimated)",1974,"A private detective hired to expose an adulterer in 1930s Los Angeles finds himself caught up in a web of deceit, corruption, and murder.",130,"Drama,Mystery,Thriller",Spanish,333K,United States,8.2,Chinatown
David Lynch,"Christopher De Vore,Eric Bergren,David Lynch","$5,000,000 (estimated)",1980,"A Victorian surgeon rescues a heavily disfigured man who is mistreated while scraping a living as a side-show freak. Behind his monstrous façade, there is revealed a person of kindness, intelligence and sophistication.",124,"Biography,Drama",French,247K,United States,8.2,The Elephant Man
Official site,"Albert Brooks,Ellen DeGeneres,Alexander Gould","$94,000,000 (estimated)",2003,"After his son is captured in the Great Barrier Reef and taken to Sydney, a timid clownfish sets out on a journey to bring him home.",100,"Animation,Adventure,Comedy",,1.1M,United States,8.2,Finding Nemo
Stan Lee,"Chris McKenna,Erik Sommers,Stan Lee","$200,000,000 (estimated)",2021,"With Spider-Man's identity now revealed, Peter asks Doctor Strange for help. When a spell goes wrong, dangerous foes from other worlds start to appear, forcing Peter to discover what it truly means to be Spider-Man.",148,"Action,Adventure,Fantasy",,786K,United States,8.2,Spider-Man: No Way Home
Universal Pictures,"Kurt Russell,Wilford Brimley,Keith David","$15,000,000 (estimated)",1982,A research team in Antarctica is hunted by a shape-shifting alien that assumes the appearance of its victims.,109,"Horror,Mystery,Sci-Fi",Norwegian,436K,United States,8.2,The Thing
Daiei,"Toshirô Mifune,Machiko Kyô,Masayuki Mori","$250,000 (estimated)",1950,"The rape of a bride and the murder of her samurai husband are recalled from the perspectives of a bandit, the bride, the samurai's ghost and a woodcutter.",88,"Crime,Drama,Mystery",,172K,Japan,8.2,Rashomon
Miramax,"Uma Thurman,David Carradine,Daryl Hannah","$30,000,000 (estimated)",2003,"After awakening from a four-year coma, a former assassin wreaks vengeance on the team of assassins who betrayed her.",111,"Action,Crime,Drama",English,1.1M,United States,8.2,Kill Bill: Vol. 1
The Mirisch Company,"Steve McQueen,James Garner,Richard Attenborough","$4,000,000 (estimated)",1963,Allied prisoners of war plan for several hundred of their number to escape from a German camp during World War II.,172,"Adventure,Drama,History",French,249K,United States,8.2,The Great Escape
Paramount Vantage,"Tommy Lee Jones,Javier Bardem,Josh Brolin","$25,000,000 (estimated)",2007,Violence and mayhem ensue after a hunter stumbles upon a drug deal gone wrong and more than two million dollars in cash near the Rio Grande.,122,"Crime,Drama,Thriller",English,995K,United States,8.2,No Country for Old Men
Eric Idle,"Graham Chapman,John Cleese,Eric Idle","£229,575 (estimated)",1975,"King Arthur and his Knights of the Round Table embark on a surreal, low-budget search for the Holy Grail, encountering many, very silly obstacles.",91,"Adventure,Comedy,Fantasy",Latin,550K,United Kingdom,8.2,Monty Python and the Holy Grail
Warner Bros.,"Humphrey Bogart,Walter Huston,Tim Holt","$3,000,000 (estimated)",1948,Two down-on-their-luck Americans searching for work in 1920s Mexico convince an old prospector to help them mine for gold in the Sierra Madre Mountains.,126,"Adventure,Drama,Western",,127K,United States,8.2,The Treasure of the Sierra Madre
Kurosawa Production Co.,"Toshirô Mifune,Eijirô Tôno,Tatsuya Nakadai","$46,808",1961,A crafty ronin comes to a town divided by two criminal gangs and decides to play them against each other to free the town.,110,"Action,Drama,Thriller",,125K,Japan,8.2,Yojimbo
Universal Pictures,"Sam Neill,Laura Dern,Jeff Goldblum","$63,000,000 (estimated)",1993,A pragmatic paleontologist touring an almost complete theme park on an island in Central America is tasked with protecting a couple of kids after a power failure causes the park's cloned dinosaurs to run loose.,127,"Action,Adventure,Sci-Fi",Spanish,1M,United States,8.2,Jurassic Park
Universal Pictures,"Russell Crowe,Ed Harris,Jennifer Connelly","$58,000,000 (estimated)",2001,"After John Nash, a brilliant but asocial mathematician, accepts secret work in cryptography, his life takes a turn for the nightmarish.",135,"Biography,Drama",English,946K,United States,8.2,A Beautiful Mind
Paramount Pictures,"Leonardo DiCaprio,Emily Mortimer,Mark Ruffalo","$80,000,000 (estimated)",2010,"In 1954, a U.S. Marshal investigates the disappearance of a murderer who escaped from a hospital for the criminally insane.",138,"Mystery,Thriller",German,1.4M,United States,8.2,Shutter Island
Hollywood Pictures,"Bruce Willis,Haley Joel Osment,Toni Collette","$40,000,000 (estimated)",1999,"A frightened, withdrawn Philadelphia boy who communicates with spirits seeks the help of a disheartened child psychologist.",107,"Drama,Mystery,Thriller",English,1M,United States,8.2,The Sixth Sense
Warner Bros.,"Clint Eastwood,Gene Hackman,Morgan Freeman","$14,400,000 (estimated)",1992,"Retired Old West gunslinger William Munny reluctantly takes on one last job, with the help of his old partner Ned Logan and a young man, The ""Schofield Kid.""",130,"Drama,Western",,419K,United States,8.2,Unforgiven
Tequila Gang,"Ivana Baquero,Ariadna Gil,Sergi López","$19,000,000 (estimated)",2006,"In the Falangist Spain of 1944, the bookish young stepdaughter of a sadistic army officer escapes into an eerie but captivating fantasy world.",118,"Drama,Fantasy,War",Pan-Européenne (France),678K,Mexico,8.2,Pan's Labyrinth
Paramount Vantage,"Daniel Day-Lewis,Paul Dano,Ciarán Hinds","$25,000,000 (estimated)",2007,"A story of family, religion, hatred, oil and madness, focusing on a turn-of-the-century prospector in the early days of the business.",158,Drama,English,599K,United States,8.2,There Will Be Blood
Paramount Pictures,"Jim Carrey,Ed Harris,Laura Linney","$60,000,000 (estimated)",1998,An insurance salesman discovers his whole life is actually a reality TV show.,103,"Comedy,Drama",,1.1M,United States,8.2,The Truman Show
Universal Pictures,"Robert De Niro,Sharon Stone,Joe Pesci","$52,000,000 (estimated)",1995,"A tale of greed, deception, money, power, and murder occur between two best friends: a mafia enforcer and a casino executive compete against each other over a gambling empire, and over a fast-living and fast-loving socialite.",178,"Crime,Drama",,532K,United States,8.2,Casino
Masato Ide,"Akira Kurosawa,Hideo Oguni,Masato Ide","$11,500,000 (estimated)",1985,"In Medieval Japan, an elderly warlord retires, handing over his empire to his three sons. However, he vastly underestimates how the new-found power will corrupt them and cause them to turn on each other...and him.",162,"Action,Drama,War",,128K,Japan,8.2,Ran
Roxlom Films Inc.,"Spencer Tracy,Burt Lancaster,Richard Widmark","$3,000,000 (estimated)",1961,"In 1948, an American court in occupied Germany tries four Nazis judged for war crimes.",179,"Drama,War",,79K,United States,8.3,Judgment at Nuremberg
Official Facebook (United Kingdom),"Viggo Mortensen,Mahershala Ali,Linda Cardellini","$23,000,000 (estimated)",2018,A working-class Italian-American bouncer becomes the driver for an African-American classical pianist on a tour of venues through the 1960s American South.,130,"Biography,Comedy,Drama",Italian,513K,United States,8.2,Green Book
Red Granite Pictures,"Leonardo DiCaprio,Jonah Hill,Margot Robbie","$100,000,000 (estimated)",2013,"Based on the true story of Jordan Belfort, from his rise to a wealthy stock-broker living the high life to his fall involving crime, corruption and the federal government.",180,"Biography,Comedy,Crime",French,1.5M,United States,8.2,The Wolf of Wall Street
Twentieth Century Fox,"Bette Davis,Anne Baxter,George Sanders","$1,400,000 (estimated)",1950,A seemingly timid but secretly ruthless ingénue insinuates herself into the lives of an aging Broadway star and her circle of theater friends.,138,Drama,French,134K,United States,8.2,All About Eve
Official Site (Japan),"Anthony Hopkins,Olivia Colman,Mark Gatiss","$6,000,000 (estimated)",2020,"A man refuses all assistance from his daughter as he ages. As he tries to make sense of his changing circumstances, he begins to doubt his loved ones, his own mind and even the fabric of his reality.",97,"Drama,Mystery",English,165K,United Kingdom,8.2,The Father
Robert Thoeren,"Billy Wilder,I.A.L. Diamond,Robert Thoeren","$2,883,848 (estimated)",1959,"After two male musicians witness a mob hit, they flee the state in an all-female band disguised as women, but further complications set in.",121,"Comedy,Music,Romance",,272K,United States,8.2,Some Like It Hot
Charles Chaplin Productions,"Charles Chaplin,Edna Purviance,Jackie Coogan","$250,000 (estimated)",1921,"The Tramp cares for an abandoned child, but events put their relationship in jeopardy.",68,"Comedy,Drama,Family",English,129K,United States,8.3,The Kid
Warner Bros.,"Christian Bale,Michael Caine,Ken Watanabe","$150,000,000 (estimated)",2005,"After training with his mentor, Batman begins his fight to free crime-ridden Gotham City from corruption.",140,"Action,Crime,Drama",English,1.5M,United States,8.2,Batman Begins
Luciano Vincenzoni,"Sergio Leone,Fulvio Morsella,Luciano Vincenzoni","$600,000 (estimated)",1965,Two bounty hunters with the same intentions team up to track down an escaped Mexican outlaw.,132,Western,Italian,262K,Italy,8.2,For a Few Dollars More
Nikhil Mehrotra,"Piyush Gupta,Shreyas Jain,Nikhil Mehrotra","₹700,000,000 (estimated)",2016,Former wrestler Mahavir Singh Phogat and his two wrestler daughters struggle towards glory at the Commonwealth Games in the face of societal oppression.,161,"Action,Biography,Drama",Hindi,196K,India,8.3,Dangal
Traudl Junge,"Bernd Eichinger,Joachim Fest,Traudl Junge","€13,500,000 (estimated)",2004,"Traudl Junge, the final secretary for Adolf Hitler, tells of the Nazi dictator's final days in his Berlin bunker at the end of WWII.",156,"Biography,Drama,History",German,361K,Germany,8.2,Downfall
Peter Craig,"Jim Cash,Jack Epps Jr.,Peter Craig","$170,000,000 (estimated)",2022,"After thirty years, Maverick is still pushing the envelope as a top naval aviator, but must confront ghosts of his past when he leads TOP GUN's elite graduates on a mission that demands the ultimate sacrifice from those chosen to fly it.",130,"Action,Drama",,571K,United States,8.3,Top Gun: Maverick
Official Instagram,"Dean-Charles Chapman,George MacKay,Daniel Mays","$95,000,000 (estimated)",2019,"April 6th, 1917. As an infantry battalion assembles to wage war deep in enemy territory, two soldiers are assigned to race against time and deliver a message that will stop 1,600 men from walking straight into a deadly trap.",119,"Action,Drama,War",Spain,614K,United Kingdom,8.2,1917
Aamir Khan Productions,"Darsheel Safary,Aamir Khan,Tanay Chheda","$1,223,869",2007,"An eight-year-old boy is thought to be a lazy trouble-maker, until the new art teacher has the patience and compassion to discover the real problem behind his struggles in school.",165,"Drama,Family",English,197K,India,8.3,Like Stars on Earth
Oreste Biancoli,"Cesare Zavattini,Luigi Bartolini,Oreste Biancoli","$133,000 (estimated)",1948,"In post-war Italy, a working-class man's bicycle is stolen, endangering his efforts to find work. He and his son set out to find it.",89,Drama,German,167K,Italy,8.3,Bicycle Thieves
Columbia Pictures,"Jason Statham,Brad Pitt,Stephen Graham","£6,000,000 (estimated)",2000,"Unscrupulous boxing promoters, violent bookmakers, a Russian gangster, incompetent amateur robbers and supposedly Jewish jewelers fight to track down a priceless stolen diamond.",102,"Comedy,Crime",Official Facebook,870K,United Kingdom,8.2,Snatch
Menno Meyjes,"Jeffrey Boam,George Lucas,Menno Meyjes","$48,000,000 (estimated)",1989,"In 1938, after his father goes missing while pursuing the Holy Grail, Indiana Jones finds himself up against the Nazis again to stop them from obtaining its powers.",127,"Action,Adventure",German,768K,United States,8.2,Indiana Jones and the Last Crusade
Official site,"Bruce Willis,Alan Rickman,Bonnie Bedelia","$28,000,000 (estimated)",1988,A New York City police officer tries to save his estranged wife and several others taken hostage by terrorists during a Christmas party at the Nakatomi Plaza in Los Angeles.,132,"Action,Thriller",Italian,898K,United States,8.2,Die Hard
Columbia Pictures,"Robert De Niro,Jodie Foster,Cybill Shepherd","$1,300,000 (estimated)",1976,"A mentally unstable veteran works as a nighttime taxi driver in New York City, where the perceived decadence and sleaze fuels his urge for violent action.",114,"Crime,Drama",,857K,United States,8.2,Taxi Driver
New Regency Productions,"Kevin Spacey,Russell Crowe,Guy Pearce","$35,000,000 (estimated)",1997,"As corruption grows in 1950s Los Angeles, three policemen - one strait-laced, one brutal, and one sleazy - investigate a series of murders with their own brand of justice.",138,"Crime,Drama,Mystery",,591K,United States,8.2,L.A. Confidential
Universum Film (UFA),"Brigitte Helm,Alfred Abel,Gustav Fröhlich","DEM 6,000,000 (estimated)",1927,"In a futuristic city sharply divided between the working class and the city planners, the son of the city's mastermind falls in love with a working-class prophet who predicts the coming of a savior to mediate their differences.",153,"Drama,Sci-Fi",English,177K,Germany,8.3,Metropolis
Memento Films (France),"Payman Maadi,Leila Hatami,Sareh Bayat","$500,000 (estimated)",2011,A married couple are faced with a difficult decision - to improve the life of their child by moving to another country or to stay in Iran and look after a deteriorating parent who has Alzheimer's disease.,123,Drama,Persian,249K,Iran,8.3,A Separation
Zanuck/Brown Productions,"Paul Newman,Robert Redford,Robert Shaw","$5,500,000 (estimated)",1973,Two grifters team up to pull off the ultimate con.,129,"Comedy,Crime,Drama",,268K,United States,8.3,The Sting
Official site,"Edward Asner,Jordan Nagai,John Ratzenberger","$175,000,000 (estimated)",2009,"78-year-old Carl Fredricksen travels to Paradise Falls in his house equipped with balloons, inadvertently taking a young stowaway.",96,"Animation,Adventure,Comedy",,1.1M,United States,8.3,Up
Pakula-Mulligan,"Gregory Peck,John Megna,Frank Overton","$2,000,000 (estimated)",1962,"Atticus Finch, a widowed lawyer in Depression-era Alabama, defends a Black man against an undeserved rape charge, and tries to educate his young children against prejudice.",129,"Crime,Drama",,321K,United States,8.3,To Kill a Mockingbird
Warner Bros.,"Al Pacino,Robert De Niro,Val Kilmer","$60,000,000 (estimated)",1995,A group of high-end professional thieves start to feel the heat from the LAPD when they unknowingly leave a clue at their latest heist.,170,"Action,Crime,Drama",English,669K,United States,8.3,Heat
Official Facebook (United States),"Lubna Azabal,Mélissa Désormeaux-Poulin,Maxim Gaudette","$6,800,000 (estimated)",2010,Twins journey to the Middle East to discover their family history and fulfill their mother's last wishes.,131,"Drama,Mystery",Arabic,183K,Canada,8.3,Incendies
Official Hotstar,"Lin-Manuel Miranda,Phillipa Soo,Leslie Odom Jr.",,2020,"The real life of one of America's foremost founding fathers and first Secretary of the Treasury, Alexander Hamilton. Captured live on Broadway from the Richard Rodgers Theater with the original Broadway cast.",160,"Biography,Drama,History",,100K,United States,8.3,Hamilton
Ben Hecht,"Oliver Stone,Howard Hawks,Ben Hecht","$25,000,000 (estimated)",1983,"In 1980 Miami, a determined Cuban immigrant takes over a drug cartel and succumbs to greed.",170,"Crime,Drama",English,860K,United States,8.3,Scarface
Warner Bros.,"Matthew Modine,R. Lee Ermey,Vincent D'Onofrio","$30,000,000 (estimated)",1987,A pragmatic U.S. Marine observes the dehumanizing effects the Vietnam War has on his fellow recruits from their brutal boot camp training to the bloody street fighting in Hue.,116,"Drama,War",Vietnamese,755K,United Kingdom,8.3,Full Metal Jacket
Warner Bros.,"Malcolm McDowell,Patrick Magee,Michael Bates","$2,200,000 (estimated)",1971,"In the future, a sadistic gang leader is imprisoned and volunteers for a conduct-aversion experiment, but it doesn't go as planned.",136,"Crime,Sci-Fi",,844K,United Kingdom,8.3,A Clockwork Orange
Paramount Pictures,"Fred MacMurray,Barbara Stanwyck,Edward G. Robinson","$927,262 (estimated)",1944,"A Los Angeles insurance representative lets an alluring housewife seduce him into a scheme of insurance fraud and murder that arouses the suspicion of his colleague, an insurance investigator.",107,"Crime,Drama,Film-Noir",,160K,United States,8.3,Double Indemnity
Official site,"Audrey Tautou,Mathieu Kassovitz,Rufus","$10,000,000 (estimated)",2001,"Amélie is an innocent and naive girl in Paris with her own sense of justice. She decides to help those around her and, along the way, discovers love.",122,"Comedy,Romance",Russian,767K,France,8.3,Amélie
The Mirisch Corporation,"Jack Lemmon,Shirley MacLaine,Fred MacMurray","$3,000,000 (estimated)",1960,"A Manhattan insurance clerk tries to rise in his company by letting its executives use his apartment for trysts, but complications and a romance of his own ensue.",125,"Comedy,Drama,Romance",,186K,United States,8.3,The Apartment
Pierre Boileau,"Alec Coppel,Samuel A. Taylor,Pierre Boileau","$2,479,000 (estimated)",1958,"A former San Francisco police detective juggles wrestling with his personal demons and becoming obsessed with the hauntingly beautiful woman he has been hired to trail, who may be deeply disturbed.",128,"Mystery,Romance,Thriller",,409K,United States,8.3,Vertigo
Metro-Goldwyn-Mayer (MGM),"Cary Grant,Eva Marie Saint,James Mason","$3,101,000 (estimated)",1959,"A New York City advertising executive goes on the run after being mistaken for a government agent by a group of foreign spies, and falls for a woman whose loyalties he begins to doubt.",136,"Action,Adventure,Mystery",,333K,United States,8.3,North by Northwest
Toho Company,"Takashi Shimura,Nobuo Kaneko,Shin'ichi Himori","$60,239",1952,A bureaucrat tries to find meaning in his life after he discovers he has terminal cancer.,143,Drama,,81K,Japan,8.3,Ikiru
Nero-Film AG,"Peter Lorre,Ellen Widmann,Inge Landgut","$35,566",1931,"When the police in a German city are unable to catch a child-murderer, other criminals join in the manhunt.",99,"Crime,Mystery,Thriller",,161K,Germany,8.3,M
Horizon Pictures (II),"Peter O'Toole,Alec Guinness,Anthony Quinn","$15,000,000 (estimated)",1962,"The story of T.E. Lawrence, the English officer who successfully united and led the diverse, often warring, Arab tribes during World War I in order to fight the Turks.",218,"Adventure,Biography,Drama",Arabic,300K,United Kingdom,8.3,Lawrence of Arabia
John Houseman,"Herman J. Mankiewicz,Orson Welles,John Houseman","$839,727 (estimated)",1941,"Following the death of publishing tycoon Charles Foster Kane, reporters scramble to uncover the meaning of his final utterance: 'Rosebud.'",119,"Drama,Mystery",Italian,449K,United States,8.3,Citizen Kane
Official site,"Mads Mikkelsen,Thomas Bo Larsen,Annika Wedderkopp","$3,800,000 (estimated)",2012,"A teacher lives a lonely life, all the while struggling over his son's custody. His life slowly gets better as he finds love and receives good news from his son, but his new luck is about to be brutally shattered by an innocent little lie.",115,Drama,English,339K,Denmark,8.3,The Hunt
Live Entertainment,"Harvey Keitel,Tim Roth,Michael Madsen","$1,200,000 (estimated)",1992,"When a simple jewelry heist goes horribly wrong, the surviving criminals begin to suspect that one of them is a police informant.",99,"Crime,Thriller",English,1M,United States,8.3,Reservoir Dogs
Belarusfilm,"Aleksey Kravchenko,Olga Mironova,Liubomiras Laucevicius","$71,909",1985,"After finding an old rifle, a young boy joins the Soviet resistance movement against ruthless German forces and experiences the horrors of World War II.",142,"Drama,Thriller,War",German,85K,Soviet Union,8.4,Come and See
Official Facebook,"Jim Carrey,Kate Winslet,Tom Wilkinson","$20,000,000 (estimated)",2004,"When their relationship turns sour, a couple undergoes a medical procedure to have each other erased from their memories for ever.",108,"Drama,Romance,Sci-Fi",,1M,United States,8.3,Eternal Sunshine of the Spotless Mind
Metro-Goldwyn-Mayer (MGM),"Keir Dullea,Gary Lockwood,William Sylvester","$12,000,000 (estimated)",1968,"After uncovering a mysterious artifact buried beneath the Lunar surface, a spacecraft is sent to Jupiter to find its origins - a spacecraft manned by two men and the supercomputer H.A.L. 9000.",149,"Adventure,Sci-Fi",English,682K,United Kingdom,8.3,2001: A Space Odyssey
Lucasfilm Ltd. (United States),"Mark Hamill,Harrison Ford,Carrie Fisher","$32,500,000 (estimated)",1983,"After rescuing Han Solo from Jabba the Hutt, the Rebels attempt to destroy the second Death Star, while Luke struggles to help Darth Vader back from the dark side.",131,"Action,Adventure,Fantasy",Tagalog,1.1M,United States,8.3,Star Wars: Episode VI - Return of the Jedi
Michelle Keserwany,"Nadine Labaki,Jihad Hojeily,Michelle Keserwany","$4,000,000 (estimated)",2018,"While serving a five-year sentence for a violent crime, a 12-year-old boy sues his parents for neglect.",126,Drama,Qatar,94K,Lebanon,8.4,Capernaum
Lee Unkrich,"John Lasseter,Andrew Stanton,Lee Unkrich","$200,000,000 (estimated)",2010,"The toys are mistakenly delivered to a day-care center instead of the attic right before Andy leaves for college, and it's up to Woody to convince the other toys that they weren't abandoned and to return home.",103,"Animation,Adventure,Comedy",Spanish,851K,United States,8.3,Toy Story 3
Eijirô Hisaita,"Hideo Oguni,Ryûzô Kikushima,Eijirô Hisaita","$46,808",1963,An executive of a Yokohama shoe company becomes a victim of extortion when his chauffeur's son is kidnapped by mistake and held for ransom.,143,"Crime,Drama,Mystery",,47K,Japan,8.4,High and Low
Artisan Entertainment,"Ellen Burstyn,Jared Leto,Jennifer Connelly","$4,500,000 (estimated)",2000,The drug-induced utopias of four Coney Island people are shattered when their addictions run deep.,102,Drama,,858K,United States,8.3,Requiem for a Dream
Vidhu Vinod Chopra,"Abhijat Joshi,Rajkumar Hirani,Vidhu Vinod Chopra","₹550,000,000 (estimated)",2009,"Two friends are searching for their long lost companion. They revisit their college days and recall the memories of their friend who inspired them to think differently, even as the rest of the world called them ""idiots"".",170,"Comedy,Drama",Hindi,409K,India,8.4,3 Idiots
Metro-Goldwyn-Mayer (MGM),"Gene Kelly,Donald O'Connor,Debbie Reynolds","$2,540,800 (estimated)",1952,A silent film star falls for a chorus girl just as he and his delusionally jealous screen partner are trying to make the difficult transition to talking pictures in 1920s Hollywood.,103,"Comedy,Musical,Romance",,248K,United States,8.3,Singin' in the Rain
Funimation Films (United States),"Ryunosuke Kamiki,Mone Kamishiraishi,Ryo Narita","¥370,000,000 (estimated)",2016,"Two strangers find themselves linked in a bizarre way. When a connection forms, will distance be the only thing to keep them apart?",106,"Animation,Drama,Fantasy",,282K,Japan,8.4,Your Name.
Miramax,"Robin Williams,Matt Damon,Ben Affleck","$10,000,000 (estimated)",1997,"Will Hunting, a janitor at M.I.T., has a gift for mathematics, but needs help from a psychologist to find direction in his life.",126,"Drama,Romance",English,996K,United States,8.3,Good Will Hunting
Piero De Bernardi,"Harry Grey,Leonardo Benvenuti,Piero De Bernardi","$30,000,000 (estimated)",1984,"A former Prohibition-era Jewish gangster returns to the Lower East Side of Manhattan 35 years later, where he must once again confront the ghosts and regrets of his old life.",229,"Crime,Drama",Warner Bros. (United States),358K,Italy,8.3,Once Upon a Time in America
Nibariki,"Yôji Matsuda,Yuriko Ishida,Yûko Tanaka","¥2,400,000,000 (estimated)",1997,"On a journey to find the cure for a Tatarigami's curse, Ashitaka finds himself in the middle of a war between the forest gods and Tatara, a mining colony. In this quest he also meets San, the Mononoke Hime.",134,"Animation,Action,Adventure",,404K,Japan,8.3,Princess Mononoke
Stan Lee,"Christopher Markus,Stephen McFeely,Stan Lee","$356,000,000 (estimated)",2019,"After the devastating events of Avengers: Infinity War (2018), the universe is in ruins. With the help of remaining allies, the Avengers assemble once more in order to reverse Thanos' actions and restore balance to the universe.",181,"Action,Adventure,Drama",Xhosa,1.2M,United States,8.4,Avengers: Endgame
Bob Kane,"Todd Phillips,Scott Silver,Bob Kane","$55,000,000 (estimated)",2019,"The rise of Arthur Fleck, from aspiring stand-up comedian and pariah to Gotham's clown prince and leader of the revolution.",122,"Crime,Drama,Thriller",,1.3M,United States,8.4,Joker
Icon Entertainment International,"Mel Gibson,Sophie Marceau,Patrick McGoohan","$72,000,000 (estimated)",1995,Scottish warrior William Wallace leads his countrymen in a rebellion to free his homeland from the tyranny of King Edward I of England.,178,"Biography,Drama,History",English,1.1M,United States,8.4,Braveheart
Andrew Stanton,"John Lasseter,Pete Docter,Andrew Stanton","$30,000,000 (estimated)",1995,A cowboy doll is profoundly threatened and jealous when a new spaceman action figure supplants him as top toy in a boy's bedroom.,81,"Animation,Adventure,Comedy",,1M,United States,8.3,Toy Story
Matthew Aldrich,"Lee Unkrich,Jason Katz,Matthew Aldrich","$175,000,000 (estimated)",2017,"Aspiring musician Miguel, confronted with his family's ancestral ban on music, enters the Land of the Dead to find his great-great-grandfather, a legendary singer.",105,"Animation,Adventure,Comedy",Spanish,528K,United States,8.4,Coco
AMLF,"F. Murray Abraham,Tom Hulce,Elizabeth Berridge","$18,000,000 (estimated)",1984,"The life, success and troubles of Wolfgang Amadeus Mozart, as told by Antonio Salieri, the contemporaneous composer who was deeply jealous of Mozart's talent and claimed to have murdered him.",160,"Biography,Drama,Music",Official Facebook,408K,United States,8.4,Amadeus
Universal Pictures,"Brad Pitt,Diane Kruger,Eli Roth","$70,000,000 (estimated)",2009,"In Nazi-occupied France during World War II, a plan to assassinate Nazi leaders by a group of Jewish U.S. soldiers coincides with a theatre owner's vengeful plans for the same.",153,"Adventure,Drama,War",Official site (Russia),1.5M,Germany,8.3,Inglourious Basterds
Park Chan-wook,"Garon Tsuchiya,Nobuaki Minegishi,Park Chan-wook","$3,000,000 (estimated)",2003,"After being kidnapped and imprisoned for fifteen years, Oh Dae-Su is released, only to find that he must find his captor in five days.",120,"Action,Drama,Mystery",,592K,South Korea,8.4,Oldboy
David S. Goyer,"Jonathan Nolan,Christopher Nolan,David S. Goyer","$250,000,000 (estimated)",2012,"Eight years after the Joker's reign of chaos, Batman is coerced out of exile with the assistance of the mysterious Selina Kyle in order to defend Gotham City from the vicious guerrilla terrorist Bane.",164,"Action,Drama,Thriller",Arabic,1.7M,United States,8.4,The Dark Knight Rises
Stanley Kubrick Productions,"Peter Sellers,George C. Scott,Sterling Hayden","$1,800,000 (estimated)",1964,"An insane American general orders a bombing attack on the Soviet Union, triggering a path to nuclear holocaust that a war room full of politicians and generals frantically tries to stop.",95,"Comedy,War",English,498K,United Kingdom,8.4,Dr. Strangelove or: How I Learned to Stop Worrying and Love the Bomb
Dreamworks Pictures,"Kevin Spacey,Annette Bening,Thora Birch","$15,000,000 (estimated)",1999,A sexually frustrated suburban father has a mid-life crisis after becoming infatuated with his daughter's best friend.,122,Drama,,1.2M,United States,8.4,American Beauty
Columbia Pictures,"Shameik Moore,Jake Johnson,Hailee Steinfeld","$90,000,000 (estimated)",2018,"Teen Miles Morales becomes the Spider-Man of his universe, and must join with five spider-powered individuals from other dimensions to stop a threat for all realities.",117,"Animation,Action,Adventure",English,555K,Canada,8.4,Spider-Man: Into the Spider-Verse
Walter Hill,"James Cameron,David Giler,Walter Hill","$18,500,000 (estimated)",1986,"Decades after surviving the Nostromo incident, Ellen Ripley is sent out to re-establish contact with a terraforming colony but finds herself battling the Alien Queen and her offspring.",137,"Action,Adventure,Sci-Fi",Spanish,729K,United Kingdom,8.4,Aliens
Harry Kurnitz,"Agatha Christie,Billy Wilder,Harry Kurnitz","$3,000,000 (estimated)",1957,A veteran British barrister must defend his client in a murder trial that has surprise after surprise.,116,"Crime,Drama,Mystery",,129K,United States,8.4,Witness for the Prosecution
Stan Lee,"Christopher Markus,Stephen McFeely,Stan Lee","$321,000,000 (estimated)",2018,The Avengers and their allies must be willing to sacrifice all in an attempt to defeat the powerful Thanos before his blitz of devastation and ruin puts an end to the universe.,149,"Action,Adventure,Sci-Fi",,1.1M,United States,8.4,Avengers: Infinity War
Charles Chaplin Productions,"Charles Chaplin,Paulette Goddard,Jack Oakie","$2,000,000 (estimated)",1940,Dictator Adenoid Hynkel tries to expand his empire while a poor Jewish barber tries to avoid persecution from Hynkel's regime.,125,"Comedy,Drama,War",English,228K,United States,8.4,The Great Dictator
Warner Bros.,"Jack Nicholson,Shelley Duvall,Danny Lloyd","$19,000,000 (estimated)",1980,"A family heads to an isolated hotel for the winter where a sinister presence influences the father into violence, while his psychic son sees horrific forebodings from both past and future.",146,"Drama,Horror",English,1M,United Kingdom,8.4,The Shining
Jim Thompson,"Stanley Kubrick,Calder Willingham,Jim Thompson","$935,000 (estimated)",1957,"After refusing to attack an enemy position, a general accuses the soldiers of cowardice and their commanding officer must defend them.",88,"Drama,War",Latin,201K,United States,8.4,Paths of Glory
Paramount Pictures,"William Holden,Gloria Swanson,Erich von Stroheim","$1,752,000 (estimated)",1950,A screenwriter develops a dangerous relationship with a faded film star determined to make a triumphant return.,110,"Drama,Film-Noir",,226K,United States,8.4,Sunset Blvd.
Wiedemann & Berg Filmproduktion,"Ulrich Mühe,Martina Gedeck,Sebastian Koch","$2,000,000 (estimated)",2006,"In 1984 East Berlin, an agent of the secret police, conducting surveillance on a writer and his lover, finds himself becoming increasingly absorbed by their lives.",137,"Drama,Mystery,Thriller",German,395K,Germany,8.4,The Lives of Others
Official Facebook,"Ben Burtt,Elissa Knight,Jeff Garlin","$180,000,000 (estimated)",2008,"In the distant future, a small waste-collecting robot inadvertently embarks on a space journey that will ultimately decide the fate of mankind.",98,"Animation,Adventure,Family",Hindi,1.1M,United States,8.4,WALL·E
Paramount Pictures,"Harrison Ford,Karen Allen,Paul Freeman","$18,000,000 (estimated)",1981,"In 1936, archaeologist and adventurer Indiana Jones is hired by the U.S. government to find the Ark of the Covenant before the Nazis can obtain its awesome powers.",115,"Action,Adventure",German,982K,United States,8.4,Raiders of the Lost Ark
The Weinstein Company,"Jamie Foxx,Christoph Waltz,Leonardo DiCaprio","$100,000,000 (estimated)",2012,"With the help of a German bounty-hunter, a freed slave sets out to rescue his wife from a brutal plantation owner in Mississippi.",165,"Drama,Western",German,1.6M,United States,8.4,Django Unchained
Memento,"Guy Pearce,Carrie-Anne Moss,Joe Pantoliano","$9,000,000 (estimated)",2000,A man with short-term memory loss attempts to track down his wife's murderer.,113,"Mystery,Thriller",,1.3M,United States,8.4,Memento
Michael Herr,"John Milius,Francis Ford Coppola,Michael Herr","$31,500,000 (estimated)",1979,A U.S. Army officer serving in Vietnam is tasked with assassinating a renegade Special Forces Colonel who sees himself as a god.,147,"Drama,Mystery,War",English,679K,United States,8.5,Apocalypse Now
Charles Chaplin Productions,"Charles Chaplin,Virginia Cherrill,Florence Lee","$1,500,000 (estimated)",1931,"With the aid of a wealthy erratic tippler, a dewy-eyed tramp who has fallen in love with a sightless flower girl accumulates money to be able to help her medically.",87,"Comedy,Drama,Romance",None,188K,United States,8.5,City Lights
Official Facebook,"Sigourney Weaver,Tom Skerritt,John Hurt","$11,000,000 (estimated)",1979,The crew of a commercial spacecraft encounter a deadly lifeform after investigating an unknown transmission.,117,"Horror,Sci-Fi",,898K,United Kingdom,8.5,Alien
Alfred J. Hitchcock Productions,"James Stewart,Grace Kelly,Wendell Corey","$1,000,000 (estimated)",1954,"A wheelchair-bound photographer spies on his neighbors from his Greenwich Village courtyard apartment window, and becomes convinced one of them has committed murder, despite the skepticism of his fashion-model girlfriend.",112,"Mystery,Thriller",,500K,United States,8.5,Rear Window
Cristaldifilm,"Philippe Noiret,Enzo Cannavale,Antonella Attili","$5,000,000 (estimated)",1988,A filmmaker recalls his childhood when falling in love with the pictures at the cinema of his home village and forms a deep friendship with the cinema's projectionist.,155,"Drama,Romance",Official site,267K,Italy,8.5,Cinema Paradiso
Dario Argento,"Sergio Donati,Sergio Leone,Dario Argento","$5,000,000 (estimated)",1968,A mysterious stranger with a harmonica joins forces with a notorious desperado to protect a beautiful widow from a ruthless assassin working for the railroad.,165,Western,English,336K,Italy,8.5,Once Upon a Time in the West
Charles Chaplin Productions,"Charles Chaplin,Paulette Goddard,Henry Bergman","$1,500,000 (estimated)",1936,The Tramp struggles to live in modern industrial society with the help of a young homeless woman.,87,"Comedy,Drama,Romance",English,247K,United States,8.5,Modern Times
Quad,"François Cluzet,Omar Sy,Anne Le Ny","€9,500,000 (estimated)",2011,"After he becomes a quadriplegic from a paragliding accident, an aristocrat hires a young man from the projects to be his caregiver.",112,"Biography,Comedy,Drama",English,876K,France,8.5,The Intouchables
Shochiku,"Tatsuya Nakadai,Akira Ishihama,Shima Iwashita","$15,222",1962,"When a ronin requesting seppuku at a feudal lord's palace is told of the brutal suicide of another ronin who previously visited, he reveals how their pasts are intertwined - and in doing so challenges the clan's integrity.",133,"Action,Drama,Mystery",,60K,Japan,8.6,Harakiri
Studio Ghibli,"Tsutomu Tatsumi,Ayano Shiraishi,Akemi Yamaguchi","$3,700,000 (estimated)",1988,A young boy and his little sister struggle to survive in Japan during World War II.,89,"Animation,Drama,War",,285K,Japan,8.5,Grave of the Fireflies
Howard Koch,"Julius J. Epstein,Philip G. Epstein,Howard Koch","$950,000 (estimated)",1942,A cynical expatriate American cafe owner struggles to decide whether or not to help his former lover and her fugitive husband escape the Nazis in French Morocco.,102,"Drama,Romance,War",French,581K,United States,8.5,Casablanca
PolyGram Filmed Entertainment,"Kevin Spacey,Gabriel Byrne,Chazz Palminteri","$6,000,000 (estimated)",1995,"A sole survivor tells of the twisty events leading up to a horrific gun battle on a boat, which began when five criminals met at a seemingly random police lineup.",106,"Crime,Drama,Mystery",English,1.1M,United States,8.5,The Usual Suspects
Touchstone Pictures,"Christian Bale,Hugh Jackman,Scarlett Johansson","$40,000,000 (estimated)",2006,"After a tragic accident, two stage magicians in 1890s London engage in a battle to create the ultimate illusion while sacrificing everything they have to outwit each other.",130,"Drama,Mystery,Sci-Fi",,1.4M,United Kingdom,8.5,The Prestige
Dreamworks Pictures,"Russell Crowe,Joaquin Phoenix,Connie Nielsen","$103,000,000 (estimated)",2000,A former Roman General sets out to exact vengeance against the corrupt emperor who murdered his family and sent him into slavery.,155,"Action,Adventure,Drama",Morocco,1.5M,United States,8.5,Gladiator
Linda Woolverton,"Irene Mecchi,Jonathan Roberts,Linda Woolverton","$45,000,000 (estimated)",1994,"Lion prince Simba and his father are targeted by his bitter uncle, who wants to ascend the throne himself.",88,"Animation,Adventure,Drama",English,1.1M,United States,8.5,The Lion King
Gaumont,"Jean Reno,Gary Oldman,Natalie Portman","FRF 115,000,000 (estimated)",1994,"12-year-old Mathilda is reluctantly taken in by Léon, a professional assassin, after her family is murdered. An unusual relationship forms as she becomes his protégée and learns the assassin's trade.",110,"Action,Crime,Drama",English,1.2M,France,8.5,Léon: The Professional
CJ Entertainment (South Korea),"Song Kang-ho,Lee Sun-kyun,Cho Yeo-jeong","$11,400,000 (estimated)",2019,Greed and class discrimination threaten the newly formed symbiotic relationship between the wealthy Park family and the destitute Kim clan.,132,"Drama,Thriller",,843K,South Korea,8.5,Parasite
Shamley Productions,"Anthony Perkins,Janet Leigh,Vera Miles","$806,947 (estimated)",1960,"A Phoenix secretary embezzles $40,000 from her employer's client, goes on the run and checks into a remote motel run by a young man under the domination of his mother.",109,"Horror,Mystery,Thriller",,684K,United States,8.5,Psycho
Official Facebook,"Adrien Brody,Thomas Kretschmann,Frank Finlay","$35,000,000 (estimated)",2002,A Polish Jewish musician struggles to survive the destruction of the Warsaw ghetto of World War II.,150,"Biography,Drama,Music",United Kingdom,850K,France,8.5,The Pianist
Miyazaki collection,"Daveigh Chase,Suzanne Pleshette,Miyu Irino","$19,000,000 (estimated)",2001,"During her family's move to the suburbs, a sullen 10-year-old girl wanders into a world ruled by gods, witches and spirits, a world where humans are changed into beasts.",125,"Animation,Adventure,Family",,783K,Japan,8.6,Spirited Away
Official Site,"Michael J. Fox,Christopher Lloyd,Lea Thompson","$19,000,000 (estimated)",1985,"Marty McFly, a 17-year-old high school student, is accidentally sent 30 years into the past in a time-traveling DeLorean invented by his close friend, the maverick scientist Doc Brown.",116,"Adventure,Comedy,Sci-Fi",,1.2M,United States,8.5,Back to the Future
Official site (3D re-release) (Germany),"Arnold Schwarzenegger,Linda Hamilton,Edward Furlong","$102,000,000 (estimated)",1991,"A cyborg, identical to the one who failed to kill Sarah Connor, must now protect her 10-year old son John from an even more advanced and powerful cyborg.",137,"Action,Sci-Fi",,1.1M,United States,8.6,Terminator 2: Judgment Day
Lucasfilm Ltd. (United States),"Mark Hamill,Harrison Ford,Carrie Fisher","$11,000,000 (estimated)",1977,"Luke Skywalker joins forces with a Jedi Knight, a cocky pilot, a Wookiee and two droids to save the galaxy from the Empire's world-destroying battle station, while also attempting to rescue Princess Leia from the mysterious Darth Vader.",121,"Action,Adventure,Fantasy",,1.4M,United States,8.6,Star Wars: Episode IV - A New Hope
Castle Rock Entertainment,"Tom Hanks,Michael Clarke Duncan,David Morse","$60,000,000 (estimated)",1999,"The lives of guards on Death Row are affected by one of their charges: a black man accused of child murder and rape, yet who has a mysterious gift.",189,"Crime,Drama,Fantasy",English,1.3M,United States,8.6,The Green Mile
Melampo Cinematografica,"Roberto Benigni,Nicoletta Braschi,Giorgio Cantarini","$20,000,000 (estimated)",1997,"When an open-minded Jewish waiter and his son become victims of the Holocaust, he uses a perfect mixture of will, humor and imagination to protect his son from the dangers around their camp.",116,"Comedy,Drama,Romance",Italian,708K,Italy,8.6,Life Is Beautiful
Paramount Pictures,"Matthew McConaughey,Anne Hathaway,Jessica Chastain","$165,000,000 (estimated)",2014,A team of explorers travel through a wormhole in space in an attempt to ensure humanity's survival.,169,"Adventure,Drama,Sci-Fi",Official Facebook,1.9M,United States,8.6,Interstellar
Official site,"Alexandre Rodrigues,Leandro Firmino,Matheus Nachtergaele","R$3,300,000 (estimated)",2002,"In the slums of Rio, two kids' paths diverge as one struggles to become a photographer and the other a kingpin.",130,"Crime,Drama",Portuguese,768K,Brazil,8.6,City of God
Official Twitter,"Tom Hanks,Matt Damon,Tom Sizemore","$70,000,000 (estimated)",1998,"Following the Normandy Landings, a group of U.S. soldiers go behind enemy lines to retrieve a paratrooper whose brothers have been killed in action.",169,"Drama,War",German,1.4M,United States,8.6,Saving Private Ryan
Strong Heart/Demme Production,"Jodie Foster,Anthony Hopkins,Lawrence A. Bonney","$19,000,000 (estimated)",1991,"A young F.B.I. cadet must receive the help of an incarcerated and manipulative cannibal killer to help catch another serial killer, a madman who skins his victims.",118,"Crime,Drama,Thriller",Latin,1.5M,United States,8.6,The Silence of the Lambs
Toho Company,"Toshirô Mifune,Takashi Shimura,Keiko Tsushima","¥125,000,000 (estimated)",1954,"Farmers from a village exploited by bandits hire a veteran samurai for protection, who gathers six other samurai to join him.",207,"Action,Drama",,351K,Japan,8.6,Seven Samurai
Frank Capra,"Frances Goodrich,Albert Hackett,Frank Capra","$3,180,000 (estimated)",1946,An angel is sent from Heaven to help a desperately frustrated businessman by showing him what life would have been like if he had never existed.,130,"Drama,Family,Fantasy",French,470K,United States,8.6,It's a Wonderful Life
Cecchi Gori Pictures,"Morgan Freeman,Brad Pitt,Kevin Spacey","$33,000,000 (estimated)",1995,"Two detectives, a rookie and a veteran, hunt a serial killer who uses the seven deadly sins as his motives.",127,"Crime,Drama,Mystery",,1.7M,United States,8.6,Se7en
Ken Kesey,"Lawrence Hauben,Bo Goldman,Ken Kesey","$3,000,000 (estimated)",1975,"In the Fall of 1963, a Korean War veteran and criminal pleads insanity and is admitted to a mental institution, where he rallies up the scared patients against the tyrannical nurse.",133,Drama,,1M,United States,8.7,One Flew Over the Cuckoo's Nest
Warner Bros.,"Robert De Niro,Ray Liotta,Joe Pesci","$25,000,000 (estimated)",1990,"The story of Henry Hill and his life in the mob, covering his relationship with his wife Karen Hill and his mob partners Jimmy Conway and Tommy DeVito in the Italian-American crime syndicate.",145,"Biography,Crime,Drama",English,1.2M,United States,8.7,Goodfellas
Official Facebook,"Keanu Reeves,Laurence Fishburne,Carrie-Anne Moss","$63,000,000 (estimated)",1999,"When a beautiful stranger leads computer hacker Neo to a forbidding underworld, he discovers the shocking truth--the life he knows is the elaborate deception of an evil cyber-intelligence.",136,"Action,Sci-Fi",,1.9M,United States,8.7,The Matrix
Lucasfilm,"Mark Hamill,Harrison Ford,Carrie Fisher","$18,000,000 (estimated)",1980,"After the Rebels are overpowered by the Empire, Luke Skywalker begins his Jedi training with Yoda, while his friends are pursued across the galaxy by Darth Vader and bounty hunter Boba Fett.",124,"Action,Adventure,Fantasy",English,1.3M,United States,8.7,Star Wars: Episode V - The Empire Strikes Back
Warner Bros.,"Leonardo DiCaprio,Joseph Gordon-Levitt,Elliot Page","$160,000,000 (estimated)",2010,"A thief who steals corporate secrets through the use of dream-sharing technology is given the inverse task of planting an idea into the mind of a C.E.O., but his tragic past may doom the project and his team to disaster.",148,"Action,Adventure,Sci-Fi",Warner Bros. (United States),2.4M,United States,8.8,Inception
Philippa Boyens,"J.R.R. Tolkien,Fran Walsh,Philippa Boyens","$94,000,000 (estimated)",2002,"While Frodo and Sam edge closer to Mordor with the help of the shifty Gollum, the divided fellowship makes a stand against Sauron's new ally, Saruman, and his hordes of Isengard.",179,"Action,Adventure,Drama",Sindarin,1.7M,New Zealand,8.8,The Lord of the Rings: The Two Towers
Fox 2000 Pictures,"Brad Pitt,Edward Norton,Meat Loaf","$63,000,000 (estimated)",1999,An insomniac office worker and a devil-may-care soap maker form an underground fight club that evolves into much more.,139,Drama,Official Site,2.2M,Germany,8.8,Fight Club
Official Instagram,"Tom Hanks,Robin Wright,Gary Sinise","$55,000,000 (estimated)",1994,"The presidencies of Kennedy and Johnson, the Vietnam War, the Watergate scandal and other historical events unfold from the perspective of an Alabama man with an IQ of 75, whose only desire is to be reunited with his childhood sweetheart.",142,"Drama,Romance",,2.1M,United States,8.8,Forrest Gump
Agenore Incrocci,"Luciano Vincenzoni,Sergio Leone,Agenore Incrocci","$1,200,000 (estimated)",1966,A bounty hunting scam joins two men in an uneasy alliance against a third in a race to find a fortune in gold buried in a remote cemetery.,178,"Adventure,Western",Italian,774K,Italy,8.8,"The Good, the Bad and the Ugly"
Philippa Boyens,"J.R.R. Tolkien,Fran Walsh,Philippa Boyens","$93,000,000 (estimated)",2001,A meek Hobbit from the Shire and eight companions set out on a journey to destroy the powerful One Ring and save Middle-earth from the Dark Lord Sauron.,178,"Action,Adventure,Drama",English,1.9M,New Zealand,8.8,The Lord of the Rings: The Fellowship of the Ring
Miramax,"John Travolta,Uma Thurman,Samuel L. Jackson","$8,000,000 (estimated)",1994,"The lives of two mob hitmen, a boxer, a gangster and his wife, and a pair of diner bandits intertwine in four tales of violence and redemption.",154,"Crime,Drama",English,2.1M,United States,8.9,Pulp Fiction
Philippa Boyens,"J.R.R. Tolkien,Fran Walsh,Philippa Boyens","$94,000,000 (estimated)",2003,Gandalf and Aragorn lead the World of Men against Sauron's army to draw his gaze from Frodo and Sam as they approach Mount Doom with the One Ring.,201,"Action,Adventure,Drama",Official site: The Lord of the Rings Trilogy,1.9M,New Zealand,9.0,The Lord of the Rings: The Return of the King
Universal Pictures,"Liam Neeson,Ralph Fiennes,Ben Kingsley","$22,000,000 (estimated)",1993,"In German-occupied Poland during World War II, industrialist Oskar Schindler gradually becomes concerned for his Jewish workforce after witnessing their persecution by the Nazis.",195,"Biography,Drama,History",English,1.4M,United States,9.0,Schindler's List
Orion-Nova Productions,"Henry Fonda,Lee J. Cobb,Martin Balsam","$350,000 (estimated)",1957,The jury in a New York City murder trial is frustrated by a single member whose skeptical caution forces them to more carefully consider the evidence before jumping to a hasty verdict.,96,"Crime,Drama",,807K,United States,9.0,12 Angry Men
Official Twitter,"Al Pacino,Robert De Niro,Robert Duvall","$13,000,000 (estimated)",1974,"The early life and career of Vito Corleone in 1920s New York City is portrayed, while his son, Michael, expands and tightens his grip on the family crime syndicate.",202,"Crime,Drama",Spanish,1.3M,United States,9.0,The Godfather Part II
David S. Goyer,"Jonathan Nolan,Christopher Nolan,David S. Goyer","$185,000,000 (estimated)",2008,"When the menace known as the Joker wreaks havoc and chaos on the people of Gotham, Batman must accept one of the greatest psychological and physical tests of his ability to fight injustice.",152,"Action,Crime,Drama",Warner Bros.,2.7M,United States,9.0,The Dark Knight
Official Instagram,"Marlon Brando,Al Pacino,James Caan","$6,000,000 (estimated)",1972,The aging patriarch of an organized crime dynasty in postwar New York City transfers control of his clandestine empire to his reluctant youngest son.,175,"Crime,Drama",Latin,1.9M,United States,9.2,The Godfather
