acteurs,date,desciption,durée,genre,nbr_eposodes,nbr_saison,nbr_votants,score,titre_original
"David Attenborough,Gordon Buchanan,Chadden Hunter",2016,David Attenborough returns with a new wildlife documentary that shows life in a variety of habitats.,298,Documentary,6,,149K,9.5,Planet Earth II
"Bob Kane,Eric Radomski,Bruce Timm",1992–1995,The Dark Knight battles crime in Gotham City with occasional help from Robin and Batgirl.,23,"Animation,Action,Adventure",85,4 seasons,108K,9.0,Batman: The Animated Series
"Peter Coyote,Huy Duc,James Willbanks",2017,A comprehensive history of the United States' involvement in the bitterly divisive armed conflict in Southeast Asia.,990,"Documentary,History,War",10,,26K,9.1,The Vietnam War
"David McCormack,Melanie Zanetti,Rico Romaniuk",2018– ,The slice-of-life adventures of an Australian Blue Heeler Cattle Dog puppy as she has fun with her family and friends in everyday situations.,7,"Animation,Family",169,3 seasons,15K,9.5,Bluey
"Stevie Nicks,Bono,Tom Petty",2017,"""The Defiant Ones"" examines the partnership between Jimmy Iovine and Dr. Dre - one the son of a Brooklyn longshoreman, the other straight out of Compton - and their leading roles in a chain of transformative events in contemporary culture.",60,"Documentary,Biography,Crime",4,,15K,8.5,The Defiant Ones
"Paul Hollywood,Mary Berry,Prue Leith",2010– ,Bakers attempt three challenges each week trying to impress the judges enough to go through to the next round and eventually are crowned Britain's best amateur baker.,60,"Game-Show,Reality-TV",167,13 seasons,11K,8.6,The Great British Baking Show
"Dylan Moran,Bill Bailey,Tamsin Greig",2000–2004,"Bernard Black runs a book shop, though his customer service skills leave something to be desired. He hires Manny as an employee. Fran runs the shop next door. Between the three of them many adventures ensue.",25,Comedy,18,3 seasons,60K,8.5,Black Books
"Tomokazu Sugita,Daisuke Sakaguchi,Rie Kugimiya",2005–2021,"In an era where aliens have invaded and taken over feudal Tokyo, an unemployed samurai finds work however he can.",25,"Animation,Action,Comedy",375,8 seasons,13K,8.7,Gintama
"Michael Kitchen,Honeysuckle Weeks,Anthony Howell",2002–2015,"As WWII rages, DCS Foyle fights his own war on the home-front; investigating crime on the south coast of England. Later series, see the retired detective working as an MI5 agent in the aftermath of the war.",90,"Crime,Drama,Mystery",28,8 seasons,17K,8.6,Foyle's War
"André Holland,Clive Owen,Jeremy Bobb",2014–2015,A look at the professional and personal lives of the staff at New York's Knickerbocker Hospital during the early part of the twentieth century.,58,"Drama,History",21,3 seasons,50K,8.5,The Knick
"Reese Witherspoon,Nicole Kidman,Shailene Woodley",2017–2019,The apparently-perfect lives of upper-class mothers of students at a prestigious elementary school unravel to the point of murder when a single mother moves to their quaint California beach town.,60,"Crime,Drama,Mystery",14,2 seasons,208K,8.5,Big Little Lies
"Michael Cudlitz,Shawn Hatosy,Regina King",2009–2013,The lives of Police Officers working for the Los Angeles Police Department.,42,"Crime,Drama,Thriller",43,5 seasons,28K,8.5,Southland
"Natsuki Hanae,Risa Taneda,Ayane Sakura",2014–2018,A piano prodigy who lost his ability to play after suffering a traumatic event in his childhood is forced back into the spotlight by an eccentric girl with a secret of her own.,23,"Animation,Comedy,Drama",24,3 years,32K,8.6,Your Lie in April
"Alfred Hitchcock,Harry Tyler,John Williams",1955–1962,"Series of unrelated short stories covering elements of crime, horror, drama, and comedy about people of different backgrounds committing murders, suicides, thefts, and other sorts of crime caused by certain motivations, perceived or not.",25,"Comedy,Crime,Drama",268,7 seasons,18K,8.5,Alfred Hitchcock Presents
"Riz Ahmed,John Turturro,Bill Camp",2016,"After a night of partying with a woman he picked up, a man wakes up to find her stabbed to death and is charged with her murder.",525,"Crime,Drama,Mystery",8,,158K,8.5,The Night Of
"James Rolfe,Mike Matei,Kyle Rogers",2004– ,A foul-mouthed nerd reviews bad video games.,35,Comedy,248,17 seasons,15K,8.5,The Angry Video Game Nerd
"Saoirse-Monica Jackson,Louisa Harland,Tara Lynne O'Neill",2018–2022,The personal exploits of a 16-year-old girl and her family and friends during the Troubles in the early 1990s in Northern Ireland.,30,Comedy,19,3 seasons,48K,8.5,Derry Girls
"Alexander Skarsgård,James Ransone,Lee Tergesen",2008,"A Rolling Stone reporter, embedded with The 1st Recon Marines chronicles his experiences during the first wave of the American-led assault on Baghdad in 2003.",70,"Drama,War",7,,56K,8.5,Generation Kill
"Kate Atkinson,Katrina Milosevic,Robbie Magasiva",2013–2021,The confronting look into the lives of the inmates and prison staff of Wentworth Correctional Centre as they navigate the ups and downs of their lives in the prison system.,45,"Crime,Drama,Thriller",100,9 seasons,23K,8.6,Wentworth
"Alba Rohrwacher,Margherita Mazzucco,Gaia Girace",2018– ,A woman recounts the lifelong friendship and conflicts with a girl she met at primary school in Naples during the early 1950s.,60,Drama,25,4 seasons,16K,8.6,My Brilliant Friend
"Bill Buford,Massimo Bottura,Francis Mallmann",2015–2019,"Chef's Table goes inside the lives and kitchens of six of the world's most renowned international chefs. Each episode focuses on a single chef and their unique look at their lives, talents and passion from their piece of culinary heaven.",50,Documentary,30,6 seasons,16K,8.5,Chef's Table
"Ralph Macchio,William Zabka,Courtney Henggeler",2018–2023,"Decades after their 1984 All Valley Karate Tournament bout, a middle-aged Daniel LaRusso and Johnny Lawrence find themselves martial-arts rivals again.",30,"Action,Comedy,Drama",51,6 seasons,192K,8.5,Cobra Kai
"Junya Enoki,Adam McArthur,Yûichi Nakamura",2020– ,A boy swallows a cursed talisman - the finger of a demon - and becomes cursed himself. He enters a shaman's school to be able to locate the demon's other body parts and thus exorcise himself.,24,"Animation,Action,Adventure",25,2 seasons,70K,8.5,Jujutsu Kaisen
"Joel McHale,Danny Pudi,Donald Glover",2009–2015,A suspended lawyer is forced to enroll in a community college with an eccentric staff and student body.,22,Comedy,110,6 seasons,275K,8.5,Community
"Daniel Abraham,Mark Fergus,Ty Franck",2015–2022,"In the 24th century, a group of humans untangle a vast plot which threatens the Solar System's fragile state of detente.",60,"Drama,Mystery,Sci-Fi",62,6 seasons,160K,8.5,The Expanse
"J.G. Quintel,William Salyers,Sam Marin",2009–2017,The daily surreal adventures of a blue jay and raccoon duo that attempt to deal with their mundane jobs as groundskeepers at the local park.,23,"Animation,Action,Adventure",245,8 seasons,49K,8.5,Regular Show
"Serban Pavlu,Maria Obretin,Andreea Vasile",2014–2019,"Umbre follows Relu, an enforcer for a small-time mob boss, as he struggles to keep his family in the dark about his job. The secrets Relu keeps become increasingly oppressive and the lies begin to surface.",45,"Crime,Drama,Thriller",21,3 seasons,11K,8.7,Umbre
"Hugh Dancy,Mads Mikkelsen,Caroline Dhavernas",2013–2015,Explores the early relationship between renowned psychiatrist Hannibal Lecter and a young FBI criminal profiler who is haunted by his ability to empathize with serial killers.,44,"Crime,Drama,Horror",39,3 seasons,261K,8.5,Hannibal
"Eugene Levy,Catherine O'Hara,Dan Levy",2015–2020,"After being a victim of fraud, Johnny Rose and his family go from extremely wealthy to penniless overnight. The only asset left to them is a small, unsophisticated town: Schitt's Creek. They relocate there. Culture shock ensues.",22,Comedy,80,6 seasons,128K,8.5,Schitt's Creek
"Sarah Lancashire,Siobhan Finneran,James Norton",2014–2023,Yorkshire-based crime drama centering on the personal and professional life of Police Sergeant Catherine Cawood.,58,"Crime,Drama,Thriller",18,3 seasons,54K,8.5,Happy Valley
"Mayo Suzukaze,Junko Iwao,Nozomu Sasaki",1999,"In the era of Japan's Meiji Restoration, an assassin regains his humanity.",118,"Animation,Action,Adventure",4,,15K,8.6,Rurouni Kenshin: Trust and Betrayal
"Tom Hanks,Nick Searcy,Lane Smith",1998,Dramatized portrayal of the Apollo manned space program.,60,"Action,Drama,History",12,,13K,8.6,From the Earth to the Moon
"Billy West,John DiMaggio,Katey Sagal",1999–2023,"Philip J. Fry, a pizza delivery boy, is accidentally frozen in 1999 and thawed out on New Year's Eve 2999.",22,"Animation,Adventure,Comedy",150,11 seasons,244K,8.5,Futurama
"John Hannah,Manu Bennett,Peter Mensah",2011,"In the time before the arrival of Spartacus, the House of Batiatus faces many challenges from competitors, and within its own household.",331,"Action,Adventure,Biography",6,,140K,8.5,Spartacus: Gods of the Arena
"Thomas Middleditch,T.J. Miller,Josh Brener",2014–2019,"Follows the struggle of Richard Hendricks, a Silicon Valley engineer trying to build his own company called Pied Piper.",28,Comedy,53,6 seasons,155K,8.5,Silicon Valley
"Vic Mignogna,Aaron Dismuke,Romi Park",2003–2004,"When a failed alchemical ritual leaves brothers Edward and Alphonse Elric with severely damaged bodies, they begin searching for the one thing that can save them: the fabled philosopher's stone.",24,"Animation,Action,Adventure",51,4 years,73K,8.5,Fullmetal Alchemist
"Scott Ryan,Chika Yasumura,Justin Rosniak",2018–2021,"Ray Shoesmith is a father, ex-husband, boyfriend, brother and best friend, tough roles to juggle in the modern age. Especially when you're also a criminal for hire.",30,"Crime,Drama",26,3 seasons,21K,8.6,Mr Inbetween
"Jodie Whittaker,Peter Capaldi,Pearl Mackie",2005– ,The further adventures in time and space of the alien adventurer known as the Doctor and their companions from planet Earth.,45,"Adventure,Drama,Sci-Fi",203,14 seasons,230K,8.6,Doctor Who
"Kyle MacLachlan,Sheryl Lee,Michael Horse",2017,Picks up 25 years after the inhabitants of a quaint northwestern town are stunned when their homecoming queen is murdered.,60,"Crime,Drama,Horror",18,,70K,8.5,Twin Peaks
"Josefine Frida Pettersen,Iman Meskini,Ulrikke Falch",2015–2017,"The story of young teenagers and pupils on Hartvig Nissens upper secondary school in Oslo, and their troubles, scandals and everyday life. Each season is told from a different person's point of view.",30,"Drama,Romance",43,4 seasons,36K,8.6,Skam
"Evan Rachel Wood,Jeffrey Wright,Ed Harris",2016–2022,"At the intersection of the near future and the reimagined past, waits a world in which every human appetite can be indulged without consequence.",62,"Drama,Mystery,Sci-Fi",36,4 seasons,514K,8.5,Westworld
"Daniela Denby-Ashe,Richard Armitage,Tim Pigott-Smith",2004,"North and South is a four part adaptation of Elizabeth Gaskell's love story of Margaret Hale, a middle class southerner who is forced to move to the northern town of Milton.",235,"Drama,Romance",4,,33K,8.6,North & South
"John Paul Tremblay,Robb Wells,Mike Smith",2001–2018,Three petty felons have a documentary made about their life in a trailer park.,30,"Comedy,Crime",106,12 seasons,46K,8.6,Trailer Park Boys
"Christopher Morris,Mark Heap,Kevin Eldon",1997–2001,"Controversal spoof of current affairs television, and the role of celebrity in the UK.",25,Comedy,7,2 seasons,11K,8.6,Brass Eye
"Megumi Ogata,Megumi Hayashibara,Kotono Mitsuishi",1995–1996,A teenage boy finds himself recruited as a member of an elite team of pilots by his father.,24,"Animation,Action,Drama",26,4 years,75K,8.5,Neon Genesis Evangelion
"Park Eun-bin,Kang Tae-oh,Kang Ki-young",2022,"Due to her 164 I.Q., impressive memory and creative thought process, autistic 27-year-old lawyer Woo Young Woo graduated at the top of her class from a prestigious law school.",75,Drama,16,,19K,8.7,Extraordinary Attorney Woo
"Charlie Hunnam,Katey Sagal,Mark Boone Junior",2008–2014,A biker struggles to balance being a father and being involved in an outlaw motorcycle club.,45,"Crime,Drama,Thriller",92,7 seasons,305K,8.6,Sons of Anarchy
"Mackenzie Crook,Toby Jones,Rachael Stirling",2014–2022,"The lives of two eccentric metal detectorists, who spend their days plodding along ploughed tracks and open fields, hoping to disturb the tedium by unearthing the fortune of a lifetime.",30,Comedy,20,3 seasons,17K,8.6,Detectorists
"Emmy Rossum,William H. Macy,Ethan Cutkosky",2011–2021,"A scrappy, feisty, fiercely loyal Chicago family makes no apologies.",46,"Comedy,Drama",134,11 seasons,252K,8.6,Shameless
"Shaun Evans,Roger Allam,James Bradshaw",2012–2023,"Set from 1965 into the 1970s, the show follows Endeavour Morse in his early years as a police constable. Working alongside his senior partner DI Fred Thursday, Morse engages in a number of investigations around Oxford.",89,"Crime,Drama,Mystery",36,9 seasons,29K,8.6,Endeavour
"Andy Whitfield,Lucy Lawless,Manu Bennett",2010–2013,"The life of Spartacus, the gladiator who lead a rebellion against the Romans. From his time as an ally of the Romans, to his betrayal and becoming a gladiator, to the rebellion he leads and its ultimate outcome.",55,"Action,Adventure,Biography",34,3 seasons,247K,8.5,Spartacus
"Setsuo Ito,Takahiro Sakurai,Chris Niosi",2016–2022,"A psychic middle school boy tries to live a normal life and keep his growing powers under control, even though he constantly gets into trouble.",24,"Animation,Action,Comedy",37,3 seasons,37K,8.6,Mob Psycho 100
"Kenan Imirzalioglu,Cansu Dere,Yigit Özsener",2009–2011,"Betrayed by his trusted friends and the woman he loved, Ömer Uçar returns as Ezel to exact his vengeance.",90,"Crime,Drama,Thriller",71,2 seasons,34K,8.7,Ezel
"Phil LaMarr,Mako,Kevin Michael Richardson",2001–2017,"A samurai, sent through time, fights to return home and save the world.",25,"Animation,Action,Adventure",62,5 seasons,56K,8.5,Samurai Jack
"Jared Keeso,Nathan Dales,Michelle Mylett",2016– ,"Quick-witted, fast-paced snappy comedy about rural folk getting by in a small town.",30,Comedy,75,12 seasons,25K,8.7,Letterkenny
"Morgan Freeman,Sean Carroll,Michio Kaku",2010–2017,"Hosted by Morgan Freeman, Through the Wormhole will explore the deepest mysteries of existence - the questions that have puzzled mankind for eternity. What are we made of? What was there before the beginning? Are we really alone? Is there a creator? These questions have been pondered by the most exquisite minds of the human race. Now, science has evolved to the point ..., ,Read all",60,Documentary,62,8 seasons,18K,8.6,Through the Wormhole
"Drew Carey,Colin Mochrie,Ryan Stiles",1998–2007,Improvisational comedy competition show in which four members of the regular cast as comedians and often with guest appearances with other comedians and celebrities and members of the audience perform various comic games and sketches.,30,"Comedy,Game-Show",220,8 seasons,45K,8.5,Whose Line Is It Anyway?
"Ricky Gervais,Martin Freeman,Mackenzie Crook",2001–2003,The story of an office that faces closure when the company decides to downsize its branches. A documentary film crew follow staff and the manager David Brent as they continue their daily lives.,30,"Comedy,Drama",14,3 seasons,117K,8.5,The Office
"Nathan Fielder,Journey Baker,Anna Lamadrid",2022– ,Nathan Fielder gives people a chance to rehearse for their own lives in a world where nothing ever works out as expected.,30,"Documentary,Comedy",7,2 seasons,21K,8.6,The Rehearsal
"Louis C.K.,Hadley Delany,Ursula Parker",2010–2015,"The life of Louie C.K., a divorced comedian living in New York with two kids.",22,"Comedy,Drama",61,5 seasons,80K,8.5,Louie
"Steve Coogan,Simon Greenall,Felicity Montagu",1997–2002,"A failed television presenter, now presenting a programme on local desperately tries to revive his broadcasting career.",29,Comedy,12,2 seasons,21K,8.6,I'm Alan Partridge
"Rami Malek,Christian Slater,Carly Chaikin",2015–2019,"Elliot, a brilliant but highly unstable young cyber-security engineer and vigilante hacker, becomes a key figure in a complex game of global dominance when he and his shadowy allies try to take down the corrupt corporation he works for.",49,"Crime,Drama,Thriller",45,4 seasons,397K,8.5,Mr. Robot
"Manoj Bajpayee,Samantha Ruth Prabhu,Priyamani",2019– ,"A working man from the National Investigation Agency tries to protect the nation from terrorism, but he also needs to keep his family safe from his secret job.",45,"Action,Comedy,Drama",20,3 seasons,90K,8.7,The Family Man
"Chris O'Dowd,Richard Ayoade,Katherine Parkinson",2006–2013,"The comedic misadventures of Roy, Moss and their grifting supervisor Jen, a rag-tag team of IT support workers at a large corporation headed by a hotheaded yuppie.",25,Comedy,25,5 seasons,157K,8.5,The IT Crowd
"Kazuya Nakai,Ginpei Sato,Ayako Kawasumi",2004–2005,"Fuu, a waitress who works in a teahouse, rescues two master swordsmen, Mugen and Jin, from their execution to help her find the ""samurai who smells of sunflowers.""",24,"Animation,Action,Adventure",26,2 years,51K,8.6,Samurai Champloo
"Paul Eddington,Nigel Hawthorne,Derek Fowlds",1986–1987,James Hacker was propelled along the corridors of power to the very pinnacle of politics - Number 10.,30,Comedy,16,2 seasons,12K,8.6,"Yes, Prime Minister"
"David Alexanian,Charley Boorman,Russ Malkin",2004–2010,"This documentary series follows actors Ewan McGregor and Charley Boorman on a motorcycle trip around the world. The two friends will travel through such places as Siberia, Kazakhstan, Mongolia, and Alaska, before finally ending the journey in New York. The filming will be done by on board cameras and one ride along cameraman.",315,"Documentary,Adventure",10,,15K,8.6,Long Way Round
"Kayvan Novak,Matt Berry,Natasia Demetriou",2019– ,A look into the nightly lives of four vampires who have lived together on Staten Island for over a century.,30,"Comedy,Fantasy,Horror",42,6 seasons,83K,8.6,What We Do in the Shadows
"Will Buxton,Jack Nicholls,Daniel Ricciardo",2019– ,Docuseries following the FIA Formula One World Championship across multiple seasons.,40,"Documentary,Sport",51,6 seasons,45K,8.6,Formula 1: Drive to Survive
"Andrija Kuzmanovic,Marija Bergam,Dragan Bjelogrlic",2017– ,"A historical fiction drama and thriller set in the turbulent period of the late 1920s in the Balkans as a place where high politics, local interests, capital and crime all merge together.",60,"Crime,Drama,Thriller",20,2 seasons,12K,8.9,Black Sun
"Simon Pegg,Jessica Hynes,Julia Deakin",1999–2001,"Friends Tim and Daisy, 20-something North Londoners with uncertain futures, must pretend to be a couple to live in the only apartment they can afford.",25,"Action,Comedy",14,2 seasons,56K,8.6,Spaced
"James Murray,Brian Quinn,Sal Vulcano",2011– ,"Q, Sal, Joe and Murr are real-life best friends who love challenging each other to the most outrageous dares and stunts ever caught on hidden camera.",30,"Comedy,Reality-TV",277,10 seasons,42K,8.6,Impractical Jokers
"Mathieu Kassovitz,Florence Loiret Caille,Jonathan Zaccaï",2015– ,,52,"Drama,Thriller",50,5 seasons,13K,8.7,The Bureau
"Jack Davenport,Gina Bellman,Sarah Alexander",2000–2004,Six best friends talk about all aspects of sex and relationships on their never-ending quest to find true love.,30,"Comedy,Romance",28,4 seasons,46K,8.6,Coupling
"Christopher McCulloch,James Urbaniak,Doc Hammer",2003–2018,"The bizarre escapades of pseudo-heroic scientist Dr. Rusty Venture, his competent, high-strung bodyguard, and his two overenthusiastic sons.",22,"Animation,Action,Adventure",86,7 seasons,27K,8.6,The Venture Bros.
"Edward James Olmos,Mary McDonnell,Katee Sackhoff",2003,"Following the destruction of the Twelve Colonies of Kobol by the Cylons, a rag-tag fugitive fleet of the last remnants of mankind flees the pursuing Cylons while simultaneously searching for their true home: Earth.",183,"Action,Adventure,Drama",2,,77K,8.5,Battlestar Galactica
"Brice Armstrong,Steve Olson,Stephanie Nadolny",1995–2003,"Dragon Ball tells the tale of a young warrior by the name of Son Goku, a young peculiar boy with a tail who embarks on a quest to become stronger and learns of the Dragon Balls, when, once all 7 are gathered, grant any wish of choice.",24,"Animation,Action,Adventure",153,9 seasons,62K,8.6,Dragon Ball
"Ramón Valdés,Carlos Villagrán,Roberto Gómez Bolaños",1972–1983,"The misadventures of a poor, homeless, fumbling boy and his friends in their humble neighborhood.",30,"Comedy,Family",357,8 seasons,11K,8.7,El Chavo del Ocho
"Masako Nozawa,Jôji Yanami,Brice Armstrong",1986–1989,"Son Gokû, a fighter with a monkey tail, goes on a quest with an assortment of odd characters in search of the Dragon Balls, a set of crystals that can give its bearer anything they desire.",25,"Animation,Action,Adventure",153,5 years,60K,8.6,Dragon Ball
"Jemaine Clement,Bret McKenzie,Rhys Darby",2007–2009,"Bret and Jemaine are Flight of the Conchords, a folk-rock band from New Zealand living in New York City in search of stardom.",28,"Comedy,Music,Musical",22,2 seasons,63K,8.6,Flight of the Conchords
"Richard Belzer,Clark Johnson,Yaphet Kotto",1993–1999,Life on the Street is an American police procedural television series chronicling the work of a fictional version of the Baltimore Police Department's Homicide Unit.,60,"Crime,Drama,Mystery",122,7 seasons,13K,8.7,Homicide: Life on the Street
"Bob Kane,William Moulton Marston,Joe Shuster",2001–2004,Seven of the most formidable heroes form arguably the most powerful team ever.,22,"Animation,Action,Adventure",52,2 seasons,48K,8.6,Justice League
"Anya Taylor-Joy,Chloe Pirrie,Bill Camp",2020,"Orphaned at the tender age of nine, prodigious introvert Beth Harmon discovers and masters the game of chess in 1960s USA. But child stardom comes at a price.",60,Drama,7,,482K,8.6,The Queen's Gambit
"Eric André,Hannibal Buress,Tom Ato",2012– ,"Eric Andre tries to host a talk show in a bizarre environment, where he is sometimes the player of pranks and sometimes the victim.",11,"Comedy,Talk-Show",60,6 seasons,20K,8.6,The Eric Andre Show
"Michiel Huisman,Carla Gugino,Henry Thomas",2018,"Flashing between past and present, a fractured family confronts haunting memories of their old home and the terrifying events that drove them from it.",572,"Drama,Horror,Mystery",10,,256K,8.6,The Haunting of Hill House
"Mel Blanc,June Foray,Daws Butler",1960–1975,TV series featuring the classic Looney Tunes animated shorts.,30,"Animation,Comedy",78,3 seasons,35K,8.6,The Bugs Bunny Show
"Hyun Bin,Son Ye-jin,Seo Ji-hye",2019–2020,The absolute top secret love story of a chaebol heiress who made an emergency landing in North Korea because of a paragliding accident and a North Korean special officer who falls in love with her and who is hiding and protecting her.,70,"Adventure,Comedy,Romance",19,2 years,33K,8.7,Crash Landing on You
"Jeff Daniels,Emily Mortimer,John Gallagher Jr.",2012–2014,"A newsroom undergoes some changes in its workings and morals as a new team is brought in, bringing unexpected results for its existing news anchor.",55,Drama,25,3 seasons,119K,8.6,The Newsroom
"Steven Avery,Dolores Avery,Laura Nirider",2015–2018,"Filmed over a 10-year period, Steven Avery, a DNA exoneree who, while in the midst of exposing corruption in local law enforcement, finds himself the prime suspect in a grisly new crime.",60,"Documentary,Crime",20,2 seasons,98K,8.6,Making a Murderer
"Steve Buscemi,Kelly Macdonald,Michael Shannon",2010–2014,An Atlantic City politician plays both sides of the law by conspiring with gangsters during the Prohibition era.,55,"Crime,Drama",56,5 seasons,194K,8.6,Boardwalk Empire
"Michaela Jaé (MJ) Rodriguez,Dominique Jackson,Indya Moore",2018–2021,"In the New York of the late '80s and early '90s, this is a story of ball culture and the gay and trans community, the raging AIDS crisis, and capitalism.",60,Drama,26,3 seasons,30K,8.6,Pose
"Timothy Olyphant,Nick Searcy,Joelle Carter",2010–2015,"U.S. Marshal Raylan Givens is reassigned from Miami to his childhood home in the poor, rural coal mining towns of eastern Kentucky.",44,"Action,Crime,Drama",78,6 seasons,104K,8.6,Justified
"Paul Eddington,Nigel Hawthorne,Derek Fowlds",1980–1984,"The Right Honorable James Hacker has landed the plum job of Cabinet Minister to the Department of Administration. At last he is in a position of power and can carry out some long-needed reforms, or so he thinks.",30,Comedy,22,3 seasons,15K,8.7,Yes Minister
"Alan Davies,Stephen Fry,Sandi Toksvig",2003– ,"A comedy panel game in which being Quite Interesting is more important than being right. Sandi Toksvig is joined each week by four comedians to share anecdotes and trivia, and maybe answer some questions as well.",30,"Comedy,Game-Show",324,20 seasons,33K,8.6,QI
"David Suchet,Hugh Fraser,Philip Jackson",1989–2013,"The cases of eccentric, but sharp, Belgian detective Hercule Poirot.",100,"Crime,Drama,Mystery",70,13 seasons,48K,8.6,Poirot
"Michael Keaton,Peter Sarsgaard,Michael Stuhlbarg",2021,"The series takes viewers to the epicenter of America's struggle with opioid addiction, from the boardrooms of Purdue Pharma, to a distressed Virginia mining community, to the hallways of the DEA.",492,Drama,8,,63K,8.6,Dopesick
"Rowan Atkinson,Matilda Ziegler,Robin Driscoll",1990–1995,"Bumbling, childlike Mr. Bean has trouble completing the simplest of day-to-day tasks, but his perseverance and resourcefulness frequently allow him to find ingenious ways around problems.",25,"Comedy,Family",15,4 years,124K,8.6,Mr. Bean
"Amybeth McNulty,Geraldine James,R.H. Thomson",2017–2019,"The adventures of a young orphan girl living in the early 19th century. Follow Anne as she learns to navigate her new life on Prince Edward Island, in this new take on L.M. Montgomery's classic novels.",60,"Drama,Family",27,3 seasons,59K,8.7,Anne with an E
"Joe Locke,Kit Connor,Yasmin Finney",2022– ,Teens Charlie and Nick discover their unlikely friendship might be something more as they navigate school and young love in this coming-of-age series.,30,"Drama,Romance",24,3 seasons,58K,8.7,Heartstopper
"Ayumu Murase,Kaito Ishikawa,Yu Hayashi",2014–2020,"Determined to be like the volleyball championship's star player nicknamed ""the small giant"", Shoyo joins his school's volleyball club.",24,"Animation,Comedy,Drama",89,4 seasons,28K,8.7,Haikyu!!
"Miles Teller,Matthew Goode,Dan Fogler",2022,Oscar-winning producer Albert S. Ruddy's never-before-revealed experiences of making The Godfather (1972).,586,"Biography,Drama",10,,31K,8.7,The Offer
"Greg Weisman,Brandon Vietti,Geoff Johns",2010–2022,Teenage superheroes strive to prove themselves as members of the Justice League.,23,"Animation,Action,Adventure",98,4 seasons,43K,8.6,Young Justice
"Rowan Atkinson,Tony Robinson,Hugh Laurie",1987,"In the Regency era, Mr E. Blackadder serves as butler to the foppish numskull Prince George amidst the fads and crazes of the time.",180,Comedy,6,,45K,8.6,Blackadder the Third
"Kevin Costner,Luke Grimes,Kelly Reilly",2018–2023,A ranching family in Montana faces off against others encroaching on their land.,60,"Drama,Western",53,5 seasons,173K,8.7,Yellowstone
"Leonardo Fasoli,Stefano Bises,Roberto Saviano",2014–2021,Ciro disregards tradition in his attempt to become the next boss of his crime syndicate. The internal power struggle puts him and his entire family's life at risk.,55,"Crime,Drama,Thriller",58,5 seasons,41K,8.7,Gomorrah
"Joel Hodgson,Michael J. Nelson,Trace Beaulieu",1988–1999,"In the not-too-distant future Joel Robinson is held captive by Dr. Forrester and TV's Frank, forced to watch B-Grade movies on the Satellite of Love with the help of his robot friends: Cambot, Gypsy, Tom Servo and Crow T. Robot.",92,"Comedy,Sci-Fi",199,11 seasons,25K,8.7,Mystery Science Theater 3000
"Jeremy Brett,Edward Hardwicke,Rosalie Williams",1986–1988,"Sherlock Holmes and Dr Watson solve the mysteries of the devil's foot, Silver Blaze, Wisteria Lodge and the Bruce-Partington Plans.",60,"Crime,Drama,Mystery",11,2 seasons,13K,8.7,The Return of Sherlock Holmes
"Jonathan Groff,Holt McCallany,Anna Torv",2017–2019,"Set in the late 1970s, two FBI agents are tasked with interviewing serial killers to solve open cases.",60,"Crime,Drama,Mystery",19,2 seasons,303K,8.6,Mindhunter
"Vishesh Bansal,Mona Singh,Akarsh Khurana",2018,Set in the summer of 1998 it is a story about conflicting emotions towards family members from the eyes of a twelve year old.,30,"Comedy,Drama,Family",7,,24K,9.0,Yeh Meri Family
"H. Jon Benjamin,Judy Greer,Amber Nash",2009– ,Covert black ops and espionage take a back seat to zany personalities and relationships between secret agents and drones.,22,"Animation,Action,Comedy",135,13 seasons,158K,8.6,Archer
"Natsuki Hanae,Zach Aguilar,Yoshitsugu Matsuoka",2019– ,"A family is attacked by demons and only two members survive - Tanjiro and his sister Nezuko, who is turning into a demon slowly. Tanjiro sets out to become a demon slayer to avenge his family and cure his sister.",24,"Animation,Action,Adventure",47,3 seasons,115K,8.7,Demon Slayer: Kimetsu no Yaiba
"John DiMaggio,Jeremy Shada,Tom Kenny",2010–2018,"A twelve-year-old boy and his best friend, a wise twenty-eight-year-old dog with magical powers, go on a series of surreal adventures in a remote future.",11,"Animation,Action,Adventure",289,10 seasons,100K,8.6,Adventure Time
"Robert Duvall,Tommy Lee Jones,Danny Glover",1989,Two former Texas Rangers renew their spirit of adventure as they and several other residents of a small Texas town join a cattle drive to the Montana Territory.,384,"Adventure,Drama,Western",4,,24K,8.7,Lonesome Dove
"Arun Govil,Deepika Chikhalia,Sunil Lahri",1987–1988,"An adaptation of the ancient epic, in which the exiled Prince Rama and his brother Laxman set out to save Rama's wife, Sita, who has been kidnapped by the demon king of Lanka Ravana.",30,"Adventure,Drama,Family",78,2 years,21K,9.0,Ramayan
"Olly Alexander,Nathaniel Curtis,Shaun Dooley",2021,"A chronicle of four friends during a decade in which everything changed, including the rise of AIDS.",239,"Comedy,Drama,History",5,,34K,8.7,It's a Sin
"Hidenobu Kiuchi,Liam O'Brien,Mamiko Noto",2004–2005,A brilliant neurosurgeon finds his life in utter turmoil after getting involved with a psychopathic former patient.,24,"Animation,Crime,Drama",75,3 years,35K,8.7,Monster
"Charlie Cox,Vincent D'Onofrio,Deborah Ann Woll",2015–2018,"A blind lawyer by day, vigilante by night. Matt Murdock fights the crime of New York as Daredevil.",54,"Action,Crime,Drama",39,3 seasons,451K,8.6,Daredevil
"Sofia Helin,Rafael Pettersson,Sarah Boberg",2011–2018,"When a body is found on the bridge between Denmark and Sweden, right on the border, Danish inspector Martin Rohde and Swedish Saga Norén have to share jurisdiction and work together to find the killer.",60,"Crime,Mystery,Thriller",38,4 seasons,72K,8.6,The Bridge
"Rowan Atkinson,Tony Robinson,Tim McInnerny",1986,"In the Tudor court of Elizabeth I, Lord Edmund Blackadder strives to win Her Majesty's favour while attempting to avoid a grisly fate should he offend her.",176,Comedy,6,,48K,8.6,Blackadder II
"Matthew Mercer,Liam O'Brien,Marisha Ray",2015– ,"A live weekly show in which a band of professional voice actors improvise, role-play, and roll their way through an epic Dungeons and Dragons campaign.",180,"Adventure,Fantasy",373,3 seasons,11K,9.3,Critical Role
"Jun Fukuyama,Takahiro Sakurai,Johnny Yong Bosch",2006–2008,"After being given a mysterious power to control others, an outcast prince becomes the masked leader of the rebellion against an all-powerful empire.",24,"Animation,Action,Drama",54,2 seasons,72K,8.7,Code Geass
"Aaron LaPlante,Laëtitia Eïdo,Fred Tatasciore",2019– ,A caveman and a dinosaur bond over shared tragedy and work together to survive in a perilous prehistoric world.,22,"Animation,Action,Adventure",20,2 seasons,17K,8.7,Primal
"Masakazu Morita,Johnny Yong Bosch,Takayuki Sugô",2022– ,"The peace is suddenly broken when warning sirens blare through the Soul Society. Residents are disappearing without a trace and nobody knows who's behind it. Meanwhile, a darkness is approaching Ichigo and his friends in Karakura Town.",24,"Animation,Action,Adventure",13,,18K,9.0,Bleach: Thousand-Year Blood War
"Andrew Jarecki,Robert Durst,Gary Napoli",2015,"Filmmaker Andrew Jarecki examines the complicated life of reclusive real estate icon Robert Durst, the key suspect in a series of unsolved crimes.",279,"Documentary,Biography,Crime",6,,48K,8.6,The Jinx: The Life and Deaths of Robert Durst
"Alexandre Crepet,Junko Takeuchi,Maile Flanagan",2007–2017,"Naruto Uzumaki, is a loud, hyperactive, adolescent ninja who constantly searches for approval and recognition, as well as to become Hokage, who is acknowledged as the leader and strongest of all ninja in the village.",24,"Animation,Action,Adventure",502,9 years,135K,8.7,Naruto: Shippuden
"Donald Glover,Brian Tyree Henry,LaKeith Stanfield",2016–2022,"Earn and his cousin Alfred, based in Atlanta, try to make their way in the world through the rap scene. Along the way they come face-to-face with social and economic issues touching on race, relationships, poverty, status, and parenthood.",30,"Comedy,Drama,Music",41,4 seasons,79K,8.6,Atlanta
"Michael C. Hall,Jennifer Carpenter,David Zayas",2006–2013,"He's smart. He's lovable. He's Dexter Morgan, America's favorite serial killer, who spends his days solving crimes and nights committing them.",53,"Crime,Drama,Mystery",96,8 seasons,736K,8.7,Dexter
"David Duchovny,Gillian Anderson,Mitch Pileggi",1993–2018,"Two F.B.I. Agents, Fox Mulder the believer and Dana Scully the skeptic, investigate the strange and unexplained, while hidden forces work to impede their efforts.",45,"Crime,Drama,Mystery",217,11 seasons,233K,8.6,The X-Files
"Milo Ventimiglia,Mandy Moore,Sterling K. Brown",2016–2022,"A heartwarming and emotional story about a unique set of triplets, their struggles, and their wonderful parents.",45,"Comedy,Drama,Romance",106,6 seasons,149K,8.7,This Is Us
"Amy Poehler,Jim O'Heir,Nick Offerman",2009–2015,The absurd antics of an Indiana town's public officials as they pursue sundry projects to make their city a better place.,22,Comedy,124,7 seasons,268K,8.6,Parks and Recreation
"Timothy Olyphant,Ian McShane,Molly Parker",2004–2006,"A show set in the late 1800s, revolving around the characters of Deadwood, South Dakota; a town of deep corruption and crime.",55,"Crime,Drama,History",36,3 seasons,111K,8.6,Deadwood
"Dermot Morgan,Ardal O'Hanlon,Frank Kelly",1995–1998,"Three misfit priests and their housekeeper live on Craggy Island, not the peaceful and quiet part of Ireland that it seems to be.",25,Comedy,25,3 seasons,42K,8.7,Father Ted
"Erdal Besikçioglu,Inanç Konukçu,Ege Aydan",2010–2019,"Centered around a personally troubled, officially discredited police chief and his inharmonious police team in Ankara Police Force. Even though the show usually focuses on murders and other crimes that happens on a weekly basis, the undertone of the story leads to an eventual duel between Behzat Ç. and the rotten department officials and bureaucrats.",90,"Crime,Drama,Mystery",105,4 seasons,31K,8.9,Behzat Ç.: Bir Ankara Polisiyesi
"Harish Bhimani,Nitish Bharadwaj,Mukesh Khanna",1988–1990,"When a dynastic struggle between the collateral branches of the Kuru clan, the Kauravas and Pandavas lead them to the threshold of war, Lord Krishna decides to step in and take control of the situation.",45,"Adventure,Drama,History",94,3 years,20K,9.0,Mahabharat
"Claire Foy,Olivia Colman,Imelda Staunton",2016–2023,Follows the political rivalries and romance of Queen Elizabeth II's reign and the events that shaped the second half of the 20th century.,58,"Biography,Drama,History",60,6 seasons,229K,8.6,The Crown
"Martin Compston,Vicky McClure,Adrian Dunbar",2012–2021,"Drama series following the investigations of AC-12, a controversial police anti-corruption unit.",60,"Crime,Drama,Mystery",37,7 seasons,63K,8.7,Line of Duty
"Chris Addison,James Smith,Peter Capaldi",2005–2012,The Minister for Social Affairs is continually harassed by Number 10's policy enforcer and dependent on his not-so-reliable team of civil servants.,29,Comedy,24,4 seasons,24K,8.7,The Thick of It
"Sam Elliott,Tim McGraw,Faith Hill",2021–2022,Follows the Dutton family as they embark on a journey west.,60,"Drama,Western",10,2 years,91K,8.7,1883
"George Newbern,Kevin Conroy,Phil LaMarr",2004–2006,A continuation of the Justice League animated series finds the original members of the team joined in their battle against crime and evil by dozens of other heroes from the DC comics universe.,23,"Animation,Action,Adventure",39,3 seasons,18K,8.7,Justice League Unlimited
"Jeremy Clarkson,Richard Hammond,James May",2002– ,"The hosts talk about everything car-related. From new cars to how they're fueled, this show has it all.",60,"Adventure,Comedy,Sport",327,33 seasons,122K,8.7,Top Gear
"Kevin Spacey,Michel Gill,Robin Wright",2013–2018,A Congressman works with his equally conniving wife to exact revenge on the people who betrayed him.,51,Drama,73,6 seasons,513K,8.7,House of Cards
"Jeremy Clarkson,James May,Richard Hammond",2016– ,"Jeremy, Richard and James embark on an adventure across the globe, driving new and exciting automobiles from manufacturers all over the world.",60,"Comedy,Sport,Talk-Show",44,5 seasons,78K,8.7,The Grand Tour
"Kyle Chandler,Connie Britton,Zach Gilford",2006–2011,"A drama that follows the lives of the Dillon Panthers, one of the nation's best high school football teams, and their head coach Eric Taylor.",44,"Drama,Sport",76,5 seasons,69K,8.7,Friday Night Lights
"Marc Diraison,Nobutoshi Canna,Carrie Keranen",1997–1998,"Guts is a skilled swordsman who joins forces with a mercenary group named 'The Band of the Hawk', lead by the charismatic Griffith, and fights with them as they battle their way into the royal court.",23,"Animation,Action,Adventure",25,3 years,43K,8.7,Berserk
"Rachel Brosnahan,Alex Borstein,Michael Zegen",2017–2023,"After her husband leaves her, young mother of two Miriam ""Midge"" Maisel discovers that she has a talent for stand-up comedy. Could this be her calling?",57,"Comedy,Drama",43,5 seasons,120K,8.7,The Marvelous Mrs. Maisel
"Jeremy Brett,David Burke,Rosalie Williams",1984–1985,"Sherlock Holmes and Dr Watson solve the mysteries of copper beeches, a Greek interpreter, the Norwood builder, a resident patient, the red-headed league, and one final problem.",60,"Crime,Drama,Mystery",13,2 seasons,23K,8.7,The Adventures of Sherlock Holmes
"Patrick Stewart,Brent Spiner,Jonathan Frakes",1987–1994,"Set almost 100 years after Captain Kirk's 5-year mission, a new generation of Starfleet officers sets off in the U.S.S. Enterprise-D on its own mission to go where no one has gone before.",44,"Action,Adventure,Sci-Fi",176,7 seasons,126K,8.7,Star Trek: The Next Generation
"Satish Shah,Ratna Pathak Shah,Sumeet Raghavan",2004–2017,"The show revolves around the lives of the members of an Uber Wealthy - High Society Gujarati family of Cuffe Parade - South Mumbai, whose daughter-in-law is from a middle class Delhi background.",30,Comedy,79,2 seasons,17K,9.0,Sarabhai V/S Sarabhai
"David Mitchell,Robert Webb,Matt King",2003–2015,Mark and Jez are a couple of twenty-something roommates who have nothing in common - except for the fact that their lives are anything but normal. Mayhem ensues as the pair strive to cope with day-to-day life.,25,Comedy,54,9 seasons,63K,8.7,Peep Show
"Jon Hamm,Elisabeth Moss,Vincent Kartheiser",2007–2015,"A drama about one of New York's most prestigious ad agencies at the beginning of the 1960s, focusing on one of the firm's most mysterious but extremely talented ad executives, Donald Draper.",47,Drama,92,7 seasons,246K,8.7,Mad Men
"Millie Bobby Brown,Finn Wolfhard,Winona Ryder",2016–2024,"When a young boy disappears, his mother, a police chief and his friends must confront terrifying supernatural forces in order to get him back.",51,"Drama,Fantasy,Horror",42,5 seasons,1.2M,8.7,Stranger Things
"Steven Yeun,J.K. Simmons,Sandra Oh",2021– ,An adult animated series based on the Skybound/Image comic about a teenager whose father is the most powerful superhero on the planet.,50,"Animation,Action,Adventure",13,3 seasons,150K,8.7,Invincible
"Adam Scott,Zach Cherry,Britt Lower",2022– ,"Mark leads a team of office workers whose memories have been surgically divided between their work and personal lives. When a mysterious colleague appears outside of work, it begins a journey to discover the truth about their jobs.",55,"Drama,Mystery,Sci-Fi",19,2 seasons,148K,8.7,Severance
"Yûto Uemura,Alejandro Saab,Mike Haimoto",2019– ,Thorfinn pursues a journey with his father's killer in order to take revenge and end his life in a duel as an honorable warrior and pay his father a homage.,24,"Animation,Action,Adventure",45,2 seasons,48K,8.8,Vinland Saga
"Hugh Bonneville,Phyllis Logan,Elizabeth McGovern",2010–2015,A chronicle of the lives of the British aristocratic Crawley family and their servants in the early twentieth century.,58,"Drama,Romance",52,6 seasons,212K,8.7,Downton Abbey
"Jitendra Kumar,Raghuvir Yadav,Chandan Roy",2020– ,"A comedy-drama, which captures the journey of an engineering graduate Abhishek, who for lack of a better job option joins as secretary of a Panchayat office in a remote village of Uttar Pradesh.",35,"Comedy,Drama",16,2 seasons,74K,8.9,Panchayat
"Hugh Laurie,Omar Epps,Robert Sean Leonard",2004–2012,An antisocial maverick doctor who specializes in diagnostic medicine does whatever it takes to solve puzzling cases that come his way using his crack team of doctors and his wits.,44,"Drama,Mystery",176,8 seasons,476K,8.7,House
"Edward James Olmos,Mary McDonnell,Jamie Bamber",2004–2009,"When an old enemy, the Cylons, resurface and obliterate the 12 colonies, the crew of the aged Galactica protect a small civilian fleet - the last of humanity - as they journey toward the fabled 13th colony, Earth.",44,"Action,Adventure,Drama",74,4 seasons,169K,8.7,Battlestar Galactica
"Pedro Pascal,Chris Bartlett,Katee Sackhoff",2019– ,"The travels of a lone bounty hunter in the outer reaches of the galaxy, far from the authority of the New Republic.",40,"Action,Adventure,Fantasy",24,3 seasons,531K,8.7,The Mandalorian
"Michael Chiklis,Walton Goggins,Michael Jace",2002–2008,Drama series following the lives and cases of dirty cop Vic Mackey and the corrupt LAPD unit under his command.,47,"Crime,Drama,Thriller",89,7 seasons,83K,8.7,The Shield
"Makoto Furukawa,Kaito Ishikawa,Max Mittelman",2015–2019,"The story of Saitama, a hero that does it just for fun & can defeat his enemies with a single punch.",24,"Animation,Action,Comedy",25,2 seasons,168K,8.7,One Punch Man
"Dan Castellaneta,Nancy Cartwright,Harry Shearer",1989– ,The satiric adventures of a working-class family in the misfit city of Springfield.,22,"Animation,Comedy",751,36 seasons,416K,8.7,The Simpsons
"Phoebe Waller-Bridge,Sian Clifford,Olivia Colman",2016–2019,A comedy series adapted from the award-winning play about a young woman trying to cope with life in London whilst coming to terms with a recent tragedy.,27,"Comedy,Drama",12,2 seasons,171K,8.7,Fleabag
"Jason Bateman,Michael Cera,Portia de Rossi",2003–2019,"Level-headed son Michael Bluth takes over family affairs after his father is imprisoned. But the rest of his spoiled, dysfunctional family are making his job unbearable.",22,Comedy,84,5 seasons,311K,8.7,Arrested Development
"Karl Urban,Jack Quaid,Antony Starr",2019– ,A group of vigilantes set out to take down corrupt superheroes who abuse their superpowers.,60,"Action,Comedy,Crime",27,4 seasons,544K,8.7,The Boys
"Mamoru Miyano,Asami Imai,Kana Hanazawa",2011–2015,"After discovering time travel, a university student and his colleagues must use their knowledge of it to stop an evil organization and their diabolical plans.",24,"Animation,Comedy,Drama",26,3 years,66K,8.8,Steins;Gate
"Louis Hofmann,Karoline Eichhorn,Lisa Vicari",2017–2020,"A family saga with a supernatural twist, set in a German town where the disappearance of two young children exposes the relationships among four families.",60,"Crime,Drama,Mystery",26,3 seasons,405K,8.7,Dark
"Ernie Hudson,J.K. Simmons,Lee Tergesen",1997–2003,A series chronicling the daily activities of an unusual prison facility and its criminal inhabitants.,55,"Crime,Drama,Thriller",56,6 seasons,102K,8.7,Oz
"Brendan Hunt,Joe Kelly,Bill Lawrence",2020– ,"American college football coach Ted Lasso heads to London to manage AFC Richmond, a struggling English Premier League football team.",30,"Comedy,Drama,Sport",34,3 seasons,249K,8.8,Ted Lasso
"Cillian Murphy,Paul Anderson,Sophie Rundle",2013–2022,"A gangster family epic set in 1900s England, centering on a gang who sew razor blades in the peaks of their caps, and their fierce boss Tommy Shelby.",60,"Crime,Drama",36,6 seasons,575K,8.8,Peaky Blinders
"Mayur More,Jitendra Kumar,Ranjan Raj",2019–2021,"Dedicated to Shrimati SL Loney ji, Shri Irodov ji and Maanniya HC Verma ji, 'Kota Factory' is TVF's latest original. India's first 'Black and White' show highlights the problems present day IIT-JEE aspirants face in their day-to-day lives.",45,"Comedy,Drama",10,2 seasons,74K,9.0,Kota Factory
"Peter Krause,Michael C. Hall,Frances Conroy",2001–2005,A chronicle of the lives of a dysfunctional family who run an independent funeral home in Los Angeles.,60,"Comedy,Drama",63,5 seasons,138K,8.7,Six Feet Under
"Kevin McKidd,Ray Stevenson,Polly Walker",2005–2007,A down-to-earth account of the lives of both illustrious and ordinary Romans set in the last days of the Roman Republic.,52,"Action,Drama,Romance",22,2 seasons,176K,8.7,Rome
"Elijah Wood,Collin Dean,Melanie Lynskey",2014,Two brothers find themselves lost in a mysterious land and try to find their way home.,22,"Animation,Short,Adventure",10,,61K,8.8,Over the Garden Wall
"Trey Parker,Matt Stone,Isaac Hayes",1997– ,"Follows the misadventures of four irreverent grade-schoolers in the quiet, dysfunctional town of South Park, Colorado.",22,"Animation,Comedy",330,30 seasons,385K,8.7,South Park
"Derek Jacobi,John Hurt,Siân Phillips",1976,"The personal and governmental affairs of the Julio-Claudian dynasty at the beginning of the Roman Empire, as recalled by one of its rulers.",669,"Biography,Drama,History",13,,18K,8.8,"I, Claudius"
"Jôji Yanami,Kyle Hebert,Masako Nozawa",1989–1996,"The adventures of Earth's martial arts defender, Son Goku, continue with a new family and the revelation of his alien origins. Now Goku and his allies must defend the planet from an onslaught of new extraterrestrial enemies.",24,"Animation,Action,Adventure",291,8 years,82K,8.8,Dragon Ball Z
"Mayumi Tanaka,Laurent Vernin,Tony Beck",1999– ,"Follows the adventures of Monkey D. Luffy and his pirate crew in order to find the greatest treasure ever left by the legendary Pirate, Gold Roger. The famous mystery treasure named ""One Piece"".",24,"Animation,Action,Adventure",1065,25 years,137K,8.9,One Piece
"Dave Chappelle,Donnell Rawlings,Rudy Rush",2003–2006,Comedian Dave Chappelle hosts this sketch-comedy show that parodies many of the nuances of race and culture.,22,"Comedy,Music",33,3 seasons,67K,8.8,Chappelle's Show
"Doc Harris,Christopher Sabat,Scott McNeil",1989–1996,"With the help of the powerful Dragonballs, a team of fighters led by the saiyan warrior Goku defend the planet earth from extraterrestrial enemies.",24,"Animation,Action,Adventure",277,16 seasons,136K,8.8,Dragon Ball Z
"Carlo Bernard,Chris Brancato,Doug Miro",2015–2017,"A chronicled look at the criminal exploits of Colombian drug lord Pablo Escobar, as well as the many other drug kingpins who plagued the country through the years.",49,"Biography,Crime,Drama",30,3 seasons,438K,8.8,Narcos
"Daniel Lapaine,Hannah John-Kamen,Michaela Coel",2011–2019,"An anthology series exploring a twisted, high-tech multiverse where humanity's greatest innovations and darkest instincts collide.",60,"Drama,Mystery,Sci-Fi",23,6 seasons,567K,8.8,Black Mirror
"Will Arnett,Amy Sedaris,Alison Brie",2014–2020,"BoJack Horseman was the star of the hit television show ""Horsin' Around"" in the '80s and '90s, but now he's washed up, living in Hollywood, complaining about everything, and wearing colorful sweaters.",25,"Animation,Comedy,Drama",77,6 seasons,167K,8.8,BoJack Horseman
"Kyle MacLachlan,Michael Ontkean,Mädchen Amick",1990–1991,An idiosyncratic FBI agent investigates the murder of a young woman in the even more idiosyncratic town of Twin Peaks.,47,"Crime,Drama,Mystery",30,2 seasons,203K,8.8,Twin Peaks
"Rowan Atkinson,Tony Robinson,Stephen Fry",1989,"Stuck in the middle of World War I, Captain Edmund Blackadder does his best to escape the banality of the war.",175,"Comedy,War",6,,54K,8.8,Blackadder Goes Forth
"Linda Cardellini,John Francis Daley,James Franco",1999–2000,A high school mathlete starts hanging out with a group of burnouts while her younger brother navigates his freshman year.,44,"Comedy,Drama",18,2 years,146K,8.8,Freaks and Geeks
"Colin Firth,Jennifer Ehle,Susannah Harker",1995,"While the arrival of wealthy gentlemen sends her marriage-minded mother into a frenzy, willful and opinionated Elizabeth Bennet matches wits with haughty Mr. Darcy.",327,"Drama,Romance",6,,87K,8.8,Pride and Prejudice
"Nicholas Braun,Brian Cox,Kieran Culkin",2018–2023,"The Roy family is known for controlling the biggest media and entertainment company in the world. However, their world changes when their father steps down from the company.",60,"Comedy,Drama",39,4 seasons,175K,8.8,Succession
"John Cleese,Prunella Scales,Andrew Sachs",1975–1979,"Hotel owner Basil Fawlty's incompetence, short fuse, and arrogance form a combination that ensures accidents and trouble are never far away.",30,Comedy,12,2 seasons,96K,8.8,Fawlty Towers
"Ali Atay,Ahmet Mümtaz Taylan,Cengiz Bozkurt",2011–2023,"Turkish television comedy series set in Istanbul, Leyla and Mecnun is a surreal and absurd comedy that revolves around the fictional love story between Leyla and Mecnun.",80,"Adventure,Comedy,Drama",144,7 seasons,95K,9.1,Leyla and Mecnun
"Larry David,Cheryl Hines,Jeff Garlin",2000– ,The life and times of Larry David and the predicaments he gets himself into with his friends and complete strangers.,28,Comedy,111,12 seasons,133K,8.8,Curb Your Enthusiasm
"Martin Sheen,Rob Lowe,Allison Janney",1999–2006,Inside the lives of staffers in the West Wing of the White House.,44,Drama,155,7 seasons,80K,8.9,The West Wing
"Jürgen Prochnow,Herbert Grönemeyer,Klaus Wennemann",1985,A World War II German U-Boat crew have a terrifying patrol mission in the early days of the war.,293,"Drama,War",6,2 years,31K,8.8,Das Boot
"Pedro Pascal,Bella Ramsey,Anna Torv",2023– ,"After a global pandemic destroys civilization, a hardened survivor takes charge of a 14-year-old girl who may be humanity's last hope.",50,"Action,Adventure,Drama",10,2 seasons,384K,8.9,The Last of Us
"Greg Davies,Alex Horne,Kerry Godliman",2015– ,"Five comedians are set tasks challenging their creativity and wit. The tasks are supervised by Alex Horne but the Taskmaster, Greg Davies, always has the final word.",47,"Comedy,Game-Show",139,15 seasons,15K,9.0,Taskmaster
"Graham Chapman,Eric Idle,Terry Jones",1969–1974,The original surreal sketch comedy showcase for the Monty Python troupe.,30,Comedy,45,4 seasons,76K,8.8,Monty Python's Flying Circus
"Charlie Day,Rob McElhenney,Kaitlin Olson",2005– ,Five friends with big egos and small brains are the proprietors of an Irish pub in Philadelphia.,22,Comedy,165,18 seasons,233K,8.8,It's Always Sunny in Philadelphia
"Naveen Kasturia,Arunabh Kumar,Abhay Mahajan",2015–2022,A story of trials and tribulations of four young entrepreneurs who quit their day jobs in order to pursue their start up venture.,40,"Comedy,Drama",10,2 seasons,70K,9.1,TVF Pitchers
"David Attenborough,Simon Blakeney,Mark Deeble",2013,"Africa, the world's wildest continent. David Attenborough takes us on an awe-inspiring journey through one of the most diverse places in the world. We visit deserts, savannas, and jungles and meet up with some of Africa's amazing wildlife.",360,Documentary,7,,16K,8.9,Africa
,2009,"This six-part series traces the Second World War, from the rise of the Nazis to the surrender of the Japanese, with detailed portraits of key figures.",312,"Documentary,History,War",6,,13K,9.0,Apocalypse: The Second World War
"Jennifer Aniston,Courteney Cox,Lisa Kudrow",1994–2004,Follows the personal and professional lives of six twenty to thirty year-old friends living in the Manhattan borough of New York City.,22,"Comedy,Romance",234,10 seasons,1M,8.9,Friends
"John Oliver,David Kaye,Ryan Barger",2014– ,Former Daily Show host and correspondent John Oliver brings his persona to this weekly news satire program.,30,"Comedy,News,Talk-Show",328,10 seasons,91K,8.9,Last Week Tonight with John Oliver
"Asante Blackk,Caleel Harris,Ethan Herisse",2019,Five teens from Harlem become trapped in a nightmare when they're falsely accused of a brutal attack in Central Park. Based on the true story.,296,"Biography,Crime,Drama",4,,127K,8.9,When They See Us
"Jason Ritter,Alex Hirsch,Kristen Schaal",2012–2016,"Twin siblings Dipper and Mabel Pines spend the summer at their great-uncle's tourist trap in the enigmatic Gravity Falls, Oregon.",23,"Animation,Adventure,Comedy",40,2 seasons,117K,8.9,Gravity Falls
"Nathan Fielder,Anthony Filosa,Salomon Flores",2013–2017,"Nathan Fielder uses his business degree and life experiences to help real small businesses turn a profit. But because of his unorthodox approach, Nathan's genuine efforts to do good often draw real people into an experience far beyond what they signed up for.",30,"Documentary,Comedy",32,4 seasons,33K,8.9,Nathan for You
"Kôichi Yamadera,Unshô Ishizuka,Megumi Hayashibara",1998–1999,The futuristic misadventures and tragedies of an easygoing bounty hunter and his partners.,24,"Animation,Action,Adventure",26,2 years,126K,8.9,Cowboy Bebop
"Billy Bob Thornton,Martin Freeman,Allison Tolman",2014–2023,"Various chronicles of deception, intrigue and murder in and around frozen Minnesota. Yet all of these tales mysteriously lead back one way or another to Fargo, North Dakota.",53,"Crime,Drama,Thriller",51,5 seasons,381K,8.9,Fargo
,2021,Documentary about the music group The Beatles featuring in-studio footage that was shot in early 1969 for the 1970 feature film 'Let It Be.',468,"Documentary,Biography,Music",3,,25K,9.0,The Beatles: Get Back
"Haluk Bilginer,Cansu Dere,Metin Akdülger",2018,A man diagnosed with Alzheimer's decides to punish criminals.,65,"Crime,Drama,Mystery",12,2 years,43K,9.0,Persona
"Artur Barcis,Olgierd Lukaszewicz,Olaf Lubaszenko",1989–1990,"Ten television drama films, each one based on one of the Ten Commandments.",572,Drama,10,2 years,26K,9.0,Dekalog
"Jerry Seinfeld,Julia Louis-Dreyfus,Michael Richards",1989–1998,The continuing misadventures of neurotic New York City stand-up comedian Jerry Seinfeld and his equally neurotic New York City friends.,22,Comedy,173,9 seasons,329K,8.9,Seinfeld
"Vince Vaughn,Colin Farrell,Rachel McAdams",2014– ,"Seasonal anthology series in which police investigations unearth the personal and professional secrets of those involved, both within and outside the law.",55,"Crime,Drama,Mystery",25,4 seasons,590K,8.9,True Detective
"Issei Futamata,Megumi Han,Cristina Valenzuela",2011–2014,"Gon Freecss aspires to become a Hunter, an exceptional being capable of greatness. With his friends and his potential, he seeks out his father, who left him when he was younger.",24,"Animation,Action,Adventure",148,4 years,109K,9.0,Hunter x Hunter
"David McCullough,Sam Waterston,Julie Harris",1990,A comprehensive survey of the American Civil War.,680,"Documentary,History,War",9,,17K,9.1,The Civil War
"David Jason,Nicholas Lyndhurst,Roger Lloyd Pack",1981–2003,Comedy that follows two brothers from London's rough Peckham estate as they wheel and deal through a number of dodgy deals and search for the big score that'll make them millionaires.,95,Comedy,64,9 seasons,54K,9.0,Only Fools and Horses
"Jeremy Clarkson,Kaleb Cooper,Charlie Ireland",2021– ,Follow Jeremy Clarkson as he attempts to run a farm in the countryside.,45,"Documentary,Comedy,Reality-TV",17,3 seasons,47K,9.0,Clarkson's Farm
"Mamoru Miyano,Brad Swaile,Vincent Tong",2006–2007,An intelligent high school student goes on a secret crusade to eliminate criminals from the world after discovering a notebook capable of killing anyone whose name is written into it.,23,"Animation,Crime,Drama",37,2 years,339K,9.0,Death Note
"Bob Odenkirk,Rhea Seehorn,Jonathan Banks",2015–2022,The trials and tribulations of criminal lawyer Jimmy McGill in the years leading up to his fateful run-in with Walter White and Jesse Pinkman.,46,"Crime,Drama",63,6 seasons,565K,8.9,Better Call Saul
"David Attenborough,Alec Baldwin,Chadden Hunter",2011–2012,Focuses on life and the environment in both the Arctic and Antarctic.,333,Documentary,10,,31K,9.0,Frozen Planet
"Nathan Fillion,Gina Torres,Alan Tudyk",2002–2003,"Five hundred years in the future, a renegade crew aboard a small spacecraft tries to survive as they travel the unknown parts of the galaxy and evade warring factions as well as authority agents out to get them.",44,"Adventure,Drama,Sci-Fi",14,2 years,271K,9.0,Firefly
,2011,A cinematic experience bringing you the most amazing human stories in the world. Humans and wildlife surviving in the most extreme environments on Earth,50,Documentary,8,,27K,9.0,Human Planet
"Steve Carell,Jenna Fischer,John Krasinski",2005–2013,"A mockumentary on a group of typical office workers, where the workday consists of ego clashes, inappropriate behavior, and tedium.",22,Comedy,188,9 seasons,633K,9.0,The Office
,2001,"Mammoth series, five years in the making, taking a look at the rich tapestry of life in the world's oceans.",389,Documentary,8,2 years,41K,9.0,The Blue Planet
"Hailee Steinfeld,Kevin Alejandro,Jason Spisak",2021– ,"Set in Utopian Piltover and the oppressed underground of Zaun, the story follows the origins of two iconic League Of Legends champions and the power that will tear them apart.",41,"Animation,Action,Adventure",10,2 seasons,224K,9.0,Arcane
"Josh Grelle,Bryce Papenbrook,Yûki Kaji",2013–2023,"After his hometown is destroyed and his mother is killed, young Eren Jaeger vows to cleanse the earth of the giant humanoid Titans that have brought humanity to the brink of extinction.",24,"Animation,Action,Adventure",98,4 seasons,405K,9.0,Attack on Titan
"Pratik Gandhi,Shreya Dhanwanthary,Hemant Kher",2020,"Set in 1980s and '90s Bombay, it follows the life of Harshad Mehta, a stockbroker who took the stock market to dizzying heights and his catastrophic downfall.",54,"Biography,Crime,Drama",10,,147K,9.3,Scam 1992: The Harshad Mehta Story
"Benedict Cumberbatch,Martin Freeman,Una Stubbs",2010–2017,A modern update finds the famous sleuth and his doctor partner solving crime in 21st-century London.,88,"Crime,Drama,Mystery",15,4 seasons,946K,9.1,Sherlock
"Rod Serling,Robert McCord,Jay Overholts",1959–1964,"Ordinary people find themselves in extraordinarily astounding situations, which they each try to solve in a remarkable manner.",51,"Drama,Fantasy,Horror",156,5 seasons,87K,9.1,The Twilight Zone
"Oprah Winfrey,David Attenborough,Doug Allan",2009,David Attenborough's legendary BBC crew explains and shows wildlife all over planet earth. From giving an overview of the challenges facing life to hunting the deep sea and various major evolutionary groups of creatures.,473,Documentary,11,,42K,9.1,Life
"Michael Jordan,Phil Jackson,Scottie Pippen",2020,"Charting the rise of the 1990s Chicago Bulls, led by Michael Jordan, one of the most notable dynasties in sports history.",491,"Documentary,Biography,History",10,,132K,9.1,The Last Dance
"Kent Williams,Iemasa Kayumi,Matthew Leonhart",2009–2010,Two brothers search for a Philosopher's Stone after an attempt to revive their deceased mother goes awry and leaves them in damaged physical forms.,24,"Animation,Action,Adventure",68,2 years,177K,9.1,Fullmetal Alchemist: Brotherhood
"Justin Roiland,Chris Parnell,Spencer Grammer",2013– ,An animated series that follows the exploits of a super scientist and his not-so-bright grandson.,23,"Animation,Adventure,Comedy",61,6 seasons,547K,9.1,Rick and Morty
"Laurence Olivier,Averell Harriman,Albert Speer",1973–1974,"A groundbreaking 26-part documentary series narrated by the actor Laurence Olivier about the deadliest conflict in history, World War II.",52,"Documentary,History,War",26,2 years,27K,9.2,The World at War
"Emilia Clarke,Peter Dinklage,Kit Harington",2011–2019,"Nine noble families fight for control over the lands of Westeros, while an ancient enemy returns after being dormant for millennia.",57,"Action,Adventure,Drama",73,8 seasons,2.2M,9.2,Game of Thrones
,2019,"Documentary series focusing on the breadth of the diversity of habitats around the world, from the remote Arctic wilderness and mysterious deep oceans to the vast landscapes of Africa and diverse jungles of South America.",403,Documentary,8,,46K,9.3,Our Planet
"Carl Sagan,Jaromír Hanzlík,Jonathan Fahn",1980,Astronomer Carl Sagan leads us on an engaging guided tour of the various elements and cosmological theories of the universe.,780,Documentary,13,,42K,9.3,Cosmos
"Neil deGrasse Tyson,Christopher Emerson,Keythe Farley",2014,An exploration of our discovery of the laws of nature and coordinates in space and time.,557,Documentary,13,,124K,9.3,Cosmos: A Spacetime Odyssey
"James Gandolfini,Lorraine Bracco,Edie Falco",1999–2007,"New Jersey mob boss Tony Soprano deals with personal and professional issues in his home and business life that affect his mental state, leading him to seek professional psychiatric counseling.",55,"Crime,Drama",86,6 seasons,419K,9.2,The Sopranos
"David Attenborough,Peter Drost,Roger Munns",2017,"David Attenborough returns to the world's oceans in this sequel to the acclaimed documentary filming rare and unusual creatures of the deep, as well as documenting the problems our oceans face.",364,Documentary,7,2 years,43K,9.3,Blue Planet II
"Dee Bradley Baker,Zach Tyler Eisen,Mae Whitman",2005–2008,"In a war-torn world of elemental magic, a young boy reawakens to undertake a dangerous mystic quest to fulfill his destiny as the Avatar, and bring peace to the world.",23,"Animation,Action,Adventure",62,3 seasons,328K,9.3,Avatar: The Last Airbender
"Dominic West,Lance Reddick,Sonja Sohn",2002–2008,"The Baltimore drug scene, as seen through the eyes of drug dealers and law enforcement.",59,"Crime,Drama,Thriller",60,5 seasons,350K,9.3,The Wire
"Jessie Buckley,Jared Harris,Stellan Skarsgård",2019,"In April 1986, an explosion at the Chernobyl nuclear power plant in the Union of Soviet Socialist Republics becomes one of the world's worst man-made catastrophes.",330,"Drama,History,Thriller",5,,790K,9.4,Chernobyl
"Scott Grimes,Damian Lewis,Ron Livingston",2001,"The story of Easy Company of the U.S. Army 101st Airborne Division and their mission in World War II Europe, from Operation Overlord to V-J Day.",594,"Drama,History,War",10,,481K,9.4,Band of Brothers
"Sigourney Weaver,David Attenborough,Nikolay Drozdov",2006,"A documentary series on the wildlife found on Earth. Each episode covers a different habitat: deserts, mountains, deep oceans, shallow seas, forests, caves, polar regions, fresh water, plains and jungles. Narrated by David Attenborough.",538,Documentary,11,,213K,9.4,Planet Earth
"Bryan Cranston,Aaron Paul,Anna Gunn",2008–2013,A chemistry teacher diagnosed with inoperable lung cancer turns to manufacturing and selling methamphetamine with a former student in order to secure his family's future.,49,"Crime,Drama,Thriller",62,5 seasons,2M,9.5,Breaking Bad
ts history.","Documentary,Biography,History","Michael Jordan,Phil Jackson,Scottie Pippen",10,
Fullmetal Alchemist: Brotherhood,24,2009–2010,9.1,177K,Two brothers search for a Philosopher's Stone after an attempt to revive their deceased mother goes awry and leaves them in damaged physical forms.,"Animation,Action,Adventure","Kent Williams,Iemasa Kayumi,Matthew Leonhart",68,2 years
Rick and Morty,23,2013– ,9.1,547K,An animated series that follows the exploits of a super scientist and his not-so-bright grandson.,"Animation,Adventure,Comedy","Justin Roiland,Chris Parnell,Spencer Grammer",61,6 seasons
The World at War,52,1973–1974,9.2,27K,"A groundbreaking 26-part documentary series narrated by the actor Laurence Olivier about the deadliest conflict in history, World War II.","Documentary,History,War","Laurence Olivier,Averell Harriman,Albert Speer",26,2 years
Game of Thrones,57,2011–2019,9.2,2.2M,"Nine noble families fight for control over the lands of Westeros, while an ancient enemy returns after being dormant for millennia.","Action,Adventure,Drama","Emilia Clarke,Peter Dinklage,Kit Harington",73,8 seasons
Our Planet,403,2019,9.3,46K,"Documentary series focusing on the breadth of the diversity of habitats around the world, from the remote Arctic wilderness and mysterious deep oceans to the vast landscapes of Africa and diverse jungles of South America.",Documentary,,8,
Cosmos,780,1980,9.3,42K,Astronomer Carl Sagan leads us on an engaging guided tour of the various elements and cosmological theories of the universe.,Documentary,"Carl Sagan,Jaromír Hanzlík,Jonathan Fahn",13,
Cosmos: A Spacetime Odyssey,557,2014,9.3,124K,An exploration of our discovery of the laws of nature and coordinates in space and time.,Documentary,"Neil deGrasse Tyson,Christopher Emerson,Keythe Farley",13,
The Sopranos,55,1999–2007,9.2,419K,"New Jersey mob boss Tony Soprano deals with personal and professional issues in his home and business life that affect his mental state, leading him to seek professional psychiatric counseling.","Crime,Drama","James Gandolfini,Lorraine Bracco,Edie Falco",86,6 seasons
Blue Planet II,364,2017,9.3,43K,"David Attenborough returns to the world's oceans in this sequel to the acclaimed documentary filming rare and unusual creatures of the deep, as well as documenting the problems our oceans face.",Documentary,"David Attenborough,Peter Drost,Roger Munns",7,2 years
Avatar: The Last Airbender,23,2005–2008,9.3,328K,"In a war-torn world of elemental magic, a young boy reawakens to undertake a dangerous mystic quest to fulfill his destiny as the Avatar, and bring peace to the world.","Animation,Action,Adventure","Dee Bradley Baker,Zach Tyler Eisen,Mae Whitman",62,3 seasons
The Wire,59,2002–2008,9.3,350K,"The Baltimore drug scene, as seen through the eyes of drug dealers and law enforcement.","Crime,Drama,Thriller","Dominic West,Lance Reddick,Sonja Sohn",60,5 seasons
Chernobyl,330,2019,9.4,790K,"In April 1986, an explosion at the Chernobyl nuclear power plant in the Union of Soviet Socialist Republics becomes one of the world's worst man-made catastrophes.","Drama,History,Thriller","Jessie Buckley,Jared Harris,Stellan Skarsgård",5,
Band of Brothers,594,2001,9.4,481K,"The story of Easy Company of the U.S. Army 101st Airborne Division and their mission in World War II Europe, from Operation Overlord to V-J Day.","Drama,History,War","Scott Grimes,Damian Lewis,Ron Livingston",10,
Planet Earth,538,2006,9.4,213K,"A documentary series on the wildlife found on Earth. Each episode covers a different habitat: deserts, mountains, deep oceans, shallow seas, forests, caves, polar regions, fresh water, plains and jungles. Narrated by David Attenborough.",Documentary,"Sigourney Weaver,David Attenborough,Nikolay Drozdov",11,
Breaking Bad,49,2008–2013,9.5,2M,A chemistry teacher diagnosed with inoperable lung cancer turns to manufacturing and selling methamphetamine with a former student in order to secure his family's future.,"Crime,Drama,Thriller","Bryan Cranston,Aaron Paul,Anna Gunn",62,5 seasons
